,Unnamed: 0,UniProt entry,Gene_domain,Pole,UniProt residues,PDB ID,PDB chain ID,PDB residues,Category,Gene name,Species,Res_start,Res_stop,Uniprot_ID,New_uniprot_start,New_uniprot_stop,Old_uniprot_start,Old_uniprot_stop,diff_start,New_PDB_start,diff_stop,New_PDB_stop
0,0,3BP2_HUMAN,SH3BP2,N,458 - 538,2CR4,A,20 - 100,SigReg,SH3BP2,HUMAN,20,100,P78314,435,561,458,538,23,0,23,123
1,1,ABL1_HUMAN,ABL1,N,127 - 202,1AB2,A,11 - 86,Kinases,ABL1,HUMAN,11,86,P00519,105,228,127,202,22,0,26,112
2,2,ABL1_HUMAN,ABL1,N,127 - 202,1OPL,A,146 - 221,Kinases,ABL1,HUMAN,146,221,P00519,105,228,127,202,22,124,26,247
3,3,ABL1_HUMAN,ABL1,N,127 - 202,1OPL,B,146 - 221,Kinases,ABL1,HUMAN,146,221,P00519,105,228,127,202,22,124,26,247
4,4,ABL1_HUMAN,ABL1,N,127 - 202,2ABL,A,146 - 221,Kinases,ABL1,HUMAN,146,221,P00519,105,228,127,202,22,124,26,247
5,5,ABL1_HUMAN,ABL1,N,127 - 202,2FO0,A,146 - 221,Kinases,ABL1,HUMAN,146,221,P00519,105,228,127,202,22,124,26,247
6,6,ABL1_HUMAN,ABL1,N,127 - 202,3K2M,A,146 - 221,Kinases,ABL1,HUMAN,146,221,P00519,105,228,127,202,22,124,26,247
7,7,ABL1_HUMAN,ABL1,N,127 - 202,3K2M,B,146 - 221,Kinases,ABL1,HUMAN,146,221,P00519,105,228,127,202,22,124,26,247
8,8,ABL1_HUMAN,ABL1,N,127 - 202,3T04,A,146 - 221,Kinases,ABL1,HUMAN,146,221,P00519,105,228,127,202,22,124,26,247
9,9,ABL1_HUMAN,ABL1,N,127 - 202,3UYO,A,146 - 221,Kinases,ABL1,HUMAN,146,221,P00519,105,228,127,202,22,124,26,247
10,10,ABL1_HUMAN,ABL1,N,127 - 202,4XEY,B,146 - 221,Kinases,ABL1,HUMAN,146,221,P00519,105,228,127,202,22,124,26,247
11,11,ABL1_HUMAN,ABL1,N,127 - 202,5DC0,B,146 - 221,Kinases,ABL1,HUMAN,146,221,P00519,105,228,127,202,22,124,26,247
12,12,ABL1_HUMAN,ABL1,N,127 - 202,5DC4,A,146 - 221,Kinases,ABL1,HUMAN,146,221,P00519,105,228,127,202,22,124,26,247
13,13,ABL1_HUMAN,ABL1,N,127 - 202,5DC9,A,146 - 221,Kinases,ABL1,HUMAN,146,221,P00519,105,228,127,202,22,124,26,247
14,14,ABL1_HUMAN,ABL1,N,127 - 202,5MO4,A,146 - 221,Kinases,ABL1,HUMAN,146,221,P00519,105,228,127,202,22,124,26,247
15,15,ABL1_HUMAN,ABL1,N,127 - 202,6AMV,A,146 - 221,Kinases,ABL1,HUMAN,146,221,P00519,105,228,127,202,22,124,26,247
16,16,ABL1_HUMAN,ABL1,N,127 - 202,6AMW,A,146 - 221,Kinases,ABL1,HUMAN,146,221,P00519,105,228,127,202,22,124,26,247
17,17,ABL2_HUMAN,ABL2,N,173 - 248,2ECD,A,18 - 93,Kinases,ABL2,HUMAN,18,93,P42684,151,274,173,248,22,0,26,119
18,18,ABL2_HUMAN,ABL2,N,173 - 248,4EIH,A,173 - 248,Kinases,ABL2,HUMAN,173,248,P42684,151,274,173,248,22,151,26,274
19,19,BMX_HUMAN,BMX,N,296 - 377,2EKX,A,13 - 94,Kinases,BMX,HUMAN,13,94,P51813,274,403,296,377,22,0,26,120
20,20,BTK_HUMAN,BTK,N,281 - 362,2GE9,A,12 - 93,Kinases,BTK,HUMAN,12,93,Q06187,259,388,281,362,22,0,26,119
21,21,CHIN_HUMAN,CHN1,N,50 - 119,3CXL,A,50 - 119,Small_GTPase_sig,CHN1,HUMAN,50,119,P15882,35,150,50,119,15,35,31,150
22,22,CHIO_HUMAN,CHN2,N,60 - 129,1XA6,A,58 - 127,Small_GTPase_sig,CHN2,HUMAN,58,127,P52757,37,155,60,129,23,35,26,153
23,23,CRK_HUMAN,CRK,N,13 - 104,1JU5,A,13 - 104,Adaptors,CRK,HUMAN,13,104,P46108,1,130,13,104,12,1,26,130
24,24,CRK_HUMAN,CRK,N,13 - 104,2DVJ,A,13 - 104,Adaptors,CRK,HUMAN,13,104,P46108,1,130,13,104,12,1,26,130
25,25,CRK_HUMAN,CRK,N,13 - 104,2EYV,A,13 - 104,Adaptors,CRK,HUMAN,13,104,P46108,1,130,13,104,12,1,26,130
26,26,CRK_HUMAN,CRK,N,13 - 104,2EYY,A,13 - 104,Adaptors,CRK,HUMAN,13,104,P46108,1,130,13,104,12,1,26,130
27,27,CRK_HUMAN,CRK,N,13 - 104,2EYZ,A,13 - 104,Adaptors,CRK,HUMAN,13,104,P46108,1,130,13,104,12,1,26,130
28,28,CRKL_HUMAN,CRKL,N,14 - 88,2EO3,A,21 - 95,Adaptors,CRKL,HUMAN,21,95,P46109,0,114,14,88,14,7,26,121
29,29,CRKL_HUMAN,CRKL,N,15 - 88,2LQN,A,14 - 88,Adaptors,CRKL,HUMAN,14,88,P46109,0,114,15,88,15,0,26,114
30,30,CRKL_HUMAN,CRKL,N,16 - 88,2LQW,A,14 - 88,Adaptors,CRKL,HUMAN,14,88,P46109,0,114,16,88,16,0,26,114
31,31,CSK_HUMAN,CSK,N,82 - 156,3EAC,A,82 - 156,Kinases,CSK,HUMAN,82,156,P41240,68,182,82,156,14,68,26,182
32,32,CSK_HUMAN,CSK,N,83 - 156,3EAZ,A,82 - 156,Kinases,CSK,HUMAN,82,156,P41240,68,182,83,156,15,67,26,182
33,33,FER_HUMAN,FER,N,460 - 531,2KK6,A,19 - 90,Kinases,FER,HUMAN,19,90,P16591,438,557,460,531,22,0,26,116
34,34,FER_HUMAN,FER,N,460 - 531,6KC4,A,460 - 531,Kinases,FER,HUMAN,460,531,P16591,438,557,460,531,22,438,26,557
35,35,FER_HUMAN,FER,N,460 - 531,6KC4,C,460 - 531,Kinases,FER,HUMAN,460,531,P16591,438,557,460,531,22,438,26,557
36,36,FER_HUMAN,FER,N,460 - 531,6KC4,E,460 - 531,Kinases,FER,HUMAN,460,531,P16591,438,557,460,531,22,438,26,557
37,37,FER_HUMAN,FER,N,460 - 531,6KC4,G,460 - 531,Kinases,FER,HUMAN,460,531,P16591,438,557,460,531,22,438,26,557
38,38,FER_HUMAN,FER,N,460 - 531,6KC4,I,460 - 531,Kinases,FER,HUMAN,460,531,P16591,438,557,460,531,22,438,26,557
39,39,FER_HUMAN,FER,N,460 - 531,6KC4,K,460 - 531,Kinases,FER,HUMAN,460,531,P16591,438,557,460,531,22,438,26,557
40,40,FES_HUMAN,FES,N,460 - 530,1WQU,A,18 - 88,Kinases,FES,HUMAN,18,88,P07332,438,556,460,530,22,0,26,114
41,41,FES_HUMAN,FES,N,460 - 530,2DCR,A,18 - 88,Kinases,FES,HUMAN,18,88,P07332,438,556,460,530,22,0,26,114
42,42,FES_HUMAN,FES,N,460 - 530,3BKB,A,460 - 530,Kinases,FES,HUMAN,460,530,P07332,438,556,460,530,22,438,26,556
43,43,FES_HUMAN,FES,N,460 - 530,3CBL,A,460 - 530,Kinases,FES,HUMAN,460,530,P07332,438,556,460,530,22,438,26,556
44,44,FES_HUMAN,FES,N,460 - 530,3CD3,A,460 - 530,Kinases,FES,HUMAN,460,530,P07332,438,556,460,530,22,438,26,556
45,45,FES_HUMAN,FES,N,460 - 530,4E93,A,460 - 530,Kinases,FES,HUMAN,460,530,P07332,438,556,460,530,22,438,26,556
46,46,FES_HUMAN,FES,N,460 - 530,6JMF,A,460 - 530,Kinases,FES,HUMAN,460,530,P07332,438,556,460,530,22,438,26,556
47,47,FYN_HUMAN,FYN,N,149 - 231,1AOT,F,7 - 89,Kinases,FYN,HUMAN,7,89,P06241,127,257,149,231,22,0,26,115
48,48,FYN_HUMAN,FYN,N,149 - 231,1AOU,F,7 - 89,Kinases,FYN,HUMAN,7,89,P06241,127,257,149,231,22,0,26,115
49,49,FYN_HUMAN,FYN,N,149 - 231,1G83,A,149 - 231,Kinases,FYN,HUMAN,149,231,P06241,127,257,149,231,22,127,26,257
50,50,FYN_HUMAN,FYN,N,149 - 231,1G83,B,149 - 231,Kinases,FYN,HUMAN,149,231,P06241,127,257,149,231,22,127,26,257
51,51,FYN_HUMAN,FYN,N,149 - 231,2MQI,A,149 - 231,Kinases,FYN,HUMAN,149,231,P06241,127,257,149,231,22,127,26,257
52,52,FYN_HUMAN,FYN,N,149 - 231,2MRJ,A,149 - 231,Kinases,FYN,HUMAN,149,231,P06241,127,257,149,231,22,127,26,257
53,53,FYN_HUMAN,FYN,N,149 - 231,2MRK,A,149 - 231,Kinases,FYN,HUMAN,149,231,P06241,127,257,149,231,22,127,26,257
54,54,FYN_HUMAN,FYN,N,149 - 231,4U17,A,13 - 95,Kinases,FYN,HUMAN,13,95,P06241,127,257,149,231,22,0,26,121
55,55,FYN_HUMAN,FYN,N,149 - 231,4U17,B,13 - 95,Kinases,FYN,HUMAN,13,95,P06241,127,257,149,231,22,0,26,121
56,56,FYN_HUMAN,FYN,N,149 - 231,4U17,C,13 - 95,Kinases,FYN,HUMAN,13,95,P06241,127,257,149,231,22,0,26,121
57,57,FYN_HUMAN,FYN,N,149 - 231,4U1P,A,23 - 105,Kinases,FYN,HUMAN,23,105,P06241,127,257,149,231,22,1,26,131
58,58,GRAP2_HUMAN,GRAP2,N,58 - 132,5GJH,A,58 - 132,Adaptors,GRAP2,HUMAN,58,132,O75791,36,158,58,132,22,36,26,158
59,59,GRAP2_HUMAN,GRAP2,N,58 - 132,5GJH,C,58 - 132,Adaptors,GRAP2,HUMAN,58,132,O75791,36,158,58,132,22,36,26,158
60,60,GRB10_HUMAN,GRB10,N,493 - 574,1NRV,A,435 - 516,SigReg,GRB10,HUMAN,435,516,Q13322,471,593,493,574,22,413,19,535
61,61,GRB10_HUMAN,GRB10,N,493 - 574,1NRV,B,435 - 516,SigReg,GRB10,HUMAN,435,516,Q13322,471,593,493,574,22,413,19,535
62,62,GRB14_HUMAN,GRB14,N,439 - 520,2AUG,A,439 - 520,SigReg,GRB14,HUMAN,439,520,Q14449,417,539,439,520,22,417,19,539
63,63,GRB14_HUMAN,GRB14,N,439 - 520,2AUG,B,439 - 520,SigReg,GRB14,HUMAN,439,520,Q14449,417,539,439,520,22,417,19,539
64,64,GRB2_HUMAN,GRB2,N,60 - 135,1BM2,A,60 - 135,Adaptors,GRB2,HUMAN,60,135,P62993,38,161,60,135,22,38,26,161
65,65,GRB2_HUMAN,GRB2,N,60 - 135,1BMB,A,60 - 135,Adaptors,GRB2,HUMAN,60,135,P62993,38,161,60,135,22,38,26,161
66,66,GRB2_HUMAN,GRB2,N,60 - 135,1CJ1,A,60 - 135,Adaptors,GRB2,HUMAN,60,135,P62993,38,161,60,135,22,38,26,161
67,67,GRB2_HUMAN,GRB2,N,60 - 135,1CJ1,B,60 - 135,Adaptors,GRB2,HUMAN,60,135,P62993,38,161,60,135,22,38,26,161
68,68,GRB2_HUMAN,GRB2,N,60 - 135,1CJ1,C,60 - 135,Adaptors,GRB2,HUMAN,60,135,P62993,38,161,60,135,22,38,26,161
69,69,GRB2_HUMAN,GRB2,N,60 - 135,1CJ1,D,60 - 135,Adaptors,GRB2,HUMAN,60,135,P62993,38,161,60,135,22,38,26,161
70,70,GRB2_HUMAN,GRB2,N,60 - 135,1CJ1,E,60 - 135,Adaptors,GRB2,HUMAN,60,135,P62993,38,161,60,135,22,38,26,161
71,71,GRB2_HUMAN,GRB2,N,60 - 135,1CJ1,F,60 - 135,Adaptors,GRB2,HUMAN,60,135,P62993,38,161,60,135,22,38,26,161
72,72,GRB2_HUMAN,GRB2,N,60 - 135,1CJ1,G,60 - 135,Adaptors,GRB2,HUMAN,60,135,P62993,38,161,60,135,22,38,26,161
73,73,GRB2_HUMAN,GRB2,N,60 - 135,1CJ1,H,60 - 135,Adaptors,GRB2,HUMAN,60,135,P62993,38,161,60,135,22,38,26,161
74,74,GRB2_HUMAN,GRB2,N,60 - 135,1CJ1,I,60 - 135,Adaptors,GRB2,HUMAN,60,135,P62993,38,161,60,135,22,38,26,161
75,75,GRB2_HUMAN,GRB2,N,60 - 135,1CJ1,J,60 - 135,Adaptors,GRB2,HUMAN,60,135,P62993,38,161,60,135,22,38,26,161
76,76,GRB2_HUMAN,GRB2,N,60 - 135,1CJ1,K,60 - 135,Adaptors,GRB2,HUMAN,60,135,P62993,38,161,60,135,22,38,26,161
77,77,GRB2_HUMAN,GRB2,N,60 - 135,1CJ1,L,60 - 135,Adaptors,GRB2,HUMAN,60,135,P62993,38,161,60,135,22,38,26,161
78,78,GRB2_HUMAN,GRB2,N,60 - 135,1FHS,A,9 - 84,Adaptors,GRB2,HUMAN,9,84,P62993,38,161,60,135,22,0,26,110
79,79,GRB2_HUMAN,GRB2,N,60 - 135,1FYR,A,60 - 135,Adaptors,GRB2,HUMAN,60,135,P62993,38,161,60,135,22,38,26,161
80,80,GRB2_HUMAN,GRB2,N,60 - 135,1FYR,B,60 - 135,Adaptors,GRB2,HUMAN,60,135,P62993,38,161,60,135,22,38,26,161
81,81,GRB2_HUMAN,GRB2,N,60 - 135,1FYR,C,60 - 135,Adaptors,GRB2,HUMAN,60,135,P62993,38,161,60,135,22,38,26,161
82,82,GRB2_HUMAN,GRB2,N,60 - 135,1FYR,D,60 - 135,Adaptors,GRB2,HUMAN,60,135,P62993,38,161,60,135,22,38,26,161
83,83,GRB2_HUMAN,GRB2,N,60 - 135,1GHU,A,60 - 135,Adaptors,GRB2,HUMAN,60,135,P62993,38,161,60,135,22,38,26,161
84,84,GRB2_HUMAN,GRB2,N,60 - 135,1GRI,A,60 - 135,Adaptors,GRB2,HUMAN,60,135,P62993,38,161,60,135,22,38,26,161
85,85,GRB2_HUMAN,GRB2,N,60 - 135,1GRI,B,60 - 135,Adaptors,GRB2,HUMAN,60,135,P62993,38,161,60,135,22,38,26,161
86,86,GRB2_HUMAN,GRB2,N,60 - 135,1JYQ,A,60 - 135,Adaptors,GRB2,HUMAN,60,135,P62993,38,161,60,135,22,38,26,161
87,87,GRB2_HUMAN,GRB2,N,60 - 135,1JYQ,B,60 - 135,Adaptors,GRB2,HUMAN,60,135,P62993,38,161,60,135,22,38,26,161
88,88,GRB2_HUMAN,GRB2,N,60 - 135,1JYR,A,60 - 135,Adaptors,GRB2,HUMAN,60,135,P62993,38,161,60,135,22,38,26,161
89,89,GRB2_HUMAN,GRB2,N,60 - 135,1JYU,A,60 - 135,Adaptors,GRB2,HUMAN,60,135,P62993,38,161,60,135,22,38,26,161
90,90,GRB2_HUMAN,GRB2,N,60 - 135,1QG1,E,5 - 80,Adaptors,GRB2,HUMAN,5,80,P62993,38,161,60,135,22,0,26,106
91,91,GRB2_HUMAN,GRB2,N,60 - 135,1TZE,E,60 - 135,Adaptors,GRB2,HUMAN,60,135,P62993,38,161,60,135,22,38,26,161
92,92,GRB2_HUMAN,GRB2,N,60 - 135,1X0N,A,60 - 135,Adaptors,GRB2,HUMAN,60,135,P62993,38,161,60,135,22,38,26,161
93,93,GRB2_HUMAN,GRB2,N,60 - 135,1ZFP,E,60 - 135,Adaptors,GRB2,HUMAN,60,135,P62993,38,161,60,135,22,38,26,161
94,94,GRB2_HUMAN,GRB2,N,60 - 135,2AOA,A,60 - 135,Adaptors,GRB2,HUMAN,60,135,P62993,38,161,60,135,22,38,26,161
95,95,GRB2_HUMAN,GRB2,N,60 - 135,2AOB,A,60 - 135,Adaptors,GRB2,HUMAN,60,135,P62993,38,161,60,135,22,38,26,161
96,96,GRB2_HUMAN,GRB2,N,60 - 135,2AOB,B,60 - 135,Adaptors,GRB2,HUMAN,60,135,P62993,38,161,60,135,22,38,26,161
97,97,GRB2_HUMAN,GRB2,N,60 - 135,2AOB,C,60 - 135,Adaptors,GRB2,HUMAN,60,135,P62993,38,161,60,135,22,38,26,161
98,98,GRB2_HUMAN,GRB2,N,60 - 135,2AOB,D,60 - 135,Adaptors,GRB2,HUMAN,60,135,P62993,38,161,60,135,22,38,26,161
99,99,GRB2_HUMAN,GRB2,N,60 - 135,2H46,E,60 - 135,Adaptors,GRB2,HUMAN,60,135,P62993,38,161,60,135,22,38,26,161
100,100,GRB2_HUMAN,GRB2,N,60 - 135,2H5K,A,60 - 135,Adaptors,GRB2,HUMAN,60,135,P62993,38,161,60,135,22,38,26,161
101,101,GRB2_HUMAN,GRB2,N,60 - 135,2H5K,B,60 - 135,Adaptors,GRB2,HUMAN,60,135,P62993,38,161,60,135,22,38,26,161
102,102,GRB2_HUMAN,GRB2,N,60 - 135,2HUW,A,60 - 135,Adaptors,GRB2,HUMAN,60,135,P62993,38,161,60,135,22,38,26,161
103,103,GRB2_HUMAN,GRB2,N,60 - 135,2HUW,B,60 - 135,Adaptors,GRB2,HUMAN,60,135,P62993,38,161,60,135,22,38,26,161
104,104,GRB2_HUMAN,GRB2,N,60 - 135,3C7I,A,60 - 135,Adaptors,GRB2,HUMAN,60,135,P62993,38,161,60,135,22,38,26,161
105,105,GRB2_HUMAN,GRB2,N,60 - 135,3IMD,A,60 - 135,Adaptors,GRB2,HUMAN,60,135,P62993,38,161,60,135,22,38,26,161
106,106,GRB2_HUMAN,GRB2,N,60 - 135,3IMD,B,60 - 135,Adaptors,GRB2,HUMAN,60,135,P62993,38,161,60,135,22,38,26,161
107,107,GRB2_HUMAN,GRB2,N,60 - 135,3IMJ,A,60 - 135,Adaptors,GRB2,HUMAN,60,135,P62993,38,161,60,135,22,38,26,161
108,108,GRB2_HUMAN,GRB2,N,60 - 135,3IMJ,B,60 - 135,Adaptors,GRB2,HUMAN,60,135,P62993,38,161,60,135,22,38,26,161
109,109,GRB2_HUMAN,GRB2,N,60 - 135,3IN7,A,60 - 135,Adaptors,GRB2,HUMAN,60,135,P62993,38,161,60,135,22,38,26,161
110,110,GRB2_HUMAN,GRB2,N,60 - 135,3IN7,C,60 - 135,Adaptors,GRB2,HUMAN,60,135,P62993,38,161,60,135,22,38,26,161
111,111,GRB2_HUMAN,GRB2,N,60 - 135,3IN8,A,60 - 135,Adaptors,GRB2,HUMAN,60,135,P62993,38,161,60,135,22,38,26,161
112,112,GRB2_HUMAN,GRB2,N,60 - 135,3KFJ,A,60 - 135,Adaptors,GRB2,HUMAN,60,135,P62993,38,161,60,135,22,38,26,161
113,113,GRB2_HUMAN,GRB2,N,60 - 135,3MXC,A,60 - 135,Adaptors,GRB2,HUMAN,60,135,P62993,38,161,60,135,22,38,26,161
114,114,GRB2_HUMAN,GRB2,N,60 - 135,3MXY,A,60 - 135,Adaptors,GRB2,HUMAN,60,135,P62993,38,161,60,135,22,38,26,161
115,115,GRB2_HUMAN,GRB2,N,60 - 135,3N7Y,A,60 - 135,Adaptors,GRB2,HUMAN,60,135,P62993,38,161,60,135,22,38,26,161
116,116,GRB2_HUMAN,GRB2,N,60 - 135,3N7Y,B,60 - 135,Adaptors,GRB2,HUMAN,60,135,P62993,38,161,60,135,22,38,26,161
117,117,GRB2_HUMAN,GRB2,N,60 - 135,3N7Y,C,60 - 135,Adaptors,GRB2,HUMAN,60,135,P62993,38,161,60,135,22,38,26,161
118,118,GRB2_HUMAN,GRB2,N,60 - 135,3N84,A,60 - 135,Adaptors,GRB2,HUMAN,60,135,P62993,38,161,60,135,22,38,26,161
119,119,GRB2_HUMAN,GRB2,N,60 - 135,3N84,B,60 - 135,Adaptors,GRB2,HUMAN,60,135,P62993,38,161,60,135,22,38,26,161
120,120,GRB2_HUMAN,GRB2,N,60 - 135,3N84,C,60 - 135,Adaptors,GRB2,HUMAN,60,135,P62993,38,161,60,135,22,38,26,161
121,121,GRB2_HUMAN,GRB2,N,60 - 135,3N84,D,60 - 135,Adaptors,GRB2,HUMAN,60,135,P62993,38,161,60,135,22,38,26,161
122,122,GRB2_HUMAN,GRB2,N,60 - 135,3N84,E,60 - 135,Adaptors,GRB2,HUMAN,60,135,P62993,38,161,60,135,22,38,26,161
123,123,GRB2_HUMAN,GRB2,N,60 - 135,3N84,F,60 - 135,Adaptors,GRB2,HUMAN,60,135,P62993,38,161,60,135,22,38,26,161
124,124,GRB2_HUMAN,GRB2,N,60 - 135,3N8M,A,60 - 135,Adaptors,GRB2,HUMAN,60,135,P62993,38,161,60,135,22,38,26,161
125,125,GRB2_HUMAN,GRB2,N,60 - 135,3OV1,A,60 - 135,Adaptors,GRB2,HUMAN,60,135,P62993,38,161,60,135,22,38,26,161
126,126,GRB2_HUMAN,GRB2,N,60 - 135,3OVE,A,60 - 135,Adaptors,GRB2,HUMAN,60,135,P62993,38,161,60,135,22,38,26,161
127,127,GRB2_HUMAN,GRB2,N,60 - 135,3S8L,A,60 - 135,Adaptors,GRB2,HUMAN,60,135,P62993,38,161,60,135,22,38,26,161
128,128,GRB2_HUMAN,GRB2,N,60 - 135,3S8N,A,60 - 135,Adaptors,GRB2,HUMAN,60,135,P62993,38,161,60,135,22,38,26,161
129,129,GRB2_HUMAN,GRB2,N,60 - 135,3S8O,A,60 - 135,Adaptors,GRB2,HUMAN,60,135,P62993,38,161,60,135,22,38,26,161
130,130,GRB2_HUMAN,GRB2,N,60 - 135,3WA4,A,60 - 135,Adaptors,GRB2,HUMAN,60,135,P62993,38,161,60,135,22,38,26,161
131,131,GRB2_HUMAN,GRB2,N,60 - 135,4P9V,A,60 - 135,Adaptors,GRB2,HUMAN,60,135,P62993,38,161,60,135,22,38,26,161
132,132,GRB2_HUMAN,GRB2,N,60 - 135,4P9Z,A,60 - 135,Adaptors,GRB2,HUMAN,60,135,P62993,38,161,60,135,22,38,26,161
133,133,GRB2_HUMAN,GRB2,N,60 - 135,5CDW,A,8 - 83,Adaptors,GRB2,HUMAN,8,83,P62993,38,161,60,135,22,0,26,109
134,134,GRB2_HUMAN,GRB2,N,60 - 135,5CDW,B,8 - 83,Adaptors,GRB2,HUMAN,8,83,P62993,38,161,60,135,22,0,26,109
135,135,GRB2_HUMAN,GRB2,N,60 - 135,5CDW,C,8 - 83,Adaptors,GRB2,HUMAN,8,83,P62993,38,161,60,135,22,0,26,109
136,136,GRB2_HUMAN,GRB2,N,60 - 135,5CDW,c,8 - 83,Adaptors,GRB2,HUMAN,8,83,P62993,38,161,60,135,22,0,26,109
137,137,GRB2_HUMAN,GRB2,N,60 - 135,5CDW,d,8 - 83,Adaptors,GRB2,HUMAN,8,83,P62993,38,161,60,135,22,0,26,109
138,138,GRB2_HUMAN,GRB2,N,60 - 135,5CDW,E,8 - 83,Adaptors,GRB2,HUMAN,8,83,P62993,38,161,60,135,22,0,26,109
139,139,GRB2_HUMAN,GRB2,N,60 - 135,5CDW,G,8 - 83,Adaptors,GRB2,HUMAN,8,83,P62993,38,161,60,135,22,0,26,109
140,140,GRB2_HUMAN,GRB2,N,60 - 135,5CDW,H,8 - 83,Adaptors,GRB2,HUMAN,8,83,P62993,38,161,60,135,22,0,26,109
141,141,GRB2_HUMAN,GRB2,N,60 - 135,5CDW,K,8 - 83,Adaptors,GRB2,HUMAN,8,83,P62993,38,161,60,135,22,0,26,109
142,142,GRB2_HUMAN,GRB2,N,60 - 135,5CDW,L,8 - 83,Adaptors,GRB2,HUMAN,8,83,P62993,38,161,60,135,22,0,26,109
143,143,GRB2_HUMAN,GRB2,N,60 - 135,5CDW,O,8 - 83,Adaptors,GRB2,HUMAN,8,83,P62993,38,161,60,135,22,0,26,109
144,144,GRB2_HUMAN,GRB2,N,60 - 135,5CDW,P,8 - 83,Adaptors,GRB2,HUMAN,8,83,P62993,38,161,60,135,22,0,26,109
145,145,GRB2_HUMAN,GRB2,N,60 - 135,5CDW,U,8 - 83,Adaptors,GRB2,HUMAN,8,83,P62993,38,161,60,135,22,0,26,109
146,146,GRB2_HUMAN,GRB2,N,60 - 135,5CDW,V,8 - 83,Adaptors,GRB2,HUMAN,8,83,P62993,38,161,60,135,22,0,26,109
147,147,GRB2_HUMAN,GRB2,N,60 - 135,5CDW,Y,8 - 83,Adaptors,GRB2,HUMAN,8,83,P62993,38,161,60,135,22,0,26,109
148,148,GRB2_HUMAN,GRB2,N,60 - 135,5CDW,Z,8 - 83,Adaptors,GRB2,HUMAN,8,83,P62993,38,161,60,135,22,0,26,109
149,149,GRB2_HUMAN,GRB2,N,60 - 135,6ICG,A,60 - 135,Adaptors,GRB2,HUMAN,60,135,P62993,38,161,60,135,22,38,26,161
150,150,GRB2_HUMAN,GRB2,N,60 - 135,6ICG,B,60 - 135,Adaptors,GRB2,HUMAN,60,135,P62993,38,161,60,135,22,38,26,161
151,151,GRB2_HUMAN,GRB2,N,60 - 135,6ICH,A,60 - 135,Adaptors,GRB2,HUMAN,60,135,P62993,38,161,60,135,22,38,26,161
152,152,GRB2_HUMAN,GRB2,N,68 - 135,2AOA,B,68 - 135,Adaptors,GRB2,HUMAN,68,135,P62993,38,161,68,135,30,38,26,161
153,153,GRB7_HUMAN,GRB7,N,431 - 512,1MW4,A,19 - 100,SigReg,GRB7,HUMAN,19,100,Q14451,409,531,431,512,22,0,19,119
154,154,GRB7_HUMAN,GRB7,N,431 - 512,2L4K,A,19 - 100,SigReg,GRB7,HUMAN,19,100,Q14451,409,531,431,512,22,0,19,119
155,155,GRB7_HUMAN,GRB7,N,431 - 512,2QMS,A,431 - 512,SigReg,GRB7,HUMAN,431,512,Q14451,409,531,431,512,22,409,19,531
156,156,GRB7_HUMAN,GRB7,N,431 - 512,2QMS,B,431 - 512,SigReg,GRB7,HUMAN,431,512,Q14451,409,531,431,512,22,409,19,531
157,157,GRB7_HUMAN,GRB7,N,431 - 512,2QMS,C,431 - 512,SigReg,GRB7,HUMAN,431,512,Q14451,409,531,431,512,22,409,19,531
158,158,GRB7_HUMAN,GRB7,N,431 - 512,2QMS,D,431 - 512,SigReg,GRB7,HUMAN,431,512,Q14451,409,531,431,512,22,409,19,531
159,159,GRB7_HUMAN,GRB7,N,431 - 512,3PQZ,A,431 - 512,SigReg,GRB7,HUMAN,431,512,Q14451,409,531,431,512,22,409,19,531
160,160,GRB7_HUMAN,GRB7,N,431 - 512,3PQZ,B,431 - 512,SigReg,GRB7,HUMAN,431,512,Q14451,409,531,431,512,22,409,19,531
161,161,GRB7_HUMAN,GRB7,N,431 - 512,3PQZ,C,431 - 512,SigReg,GRB7,HUMAN,431,512,Q14451,409,531,431,512,22,409,19,531
162,162,GRB7_HUMAN,GRB7,N,431 - 512,3PQZ,D,431 - 512,SigReg,GRB7,HUMAN,431,512,Q14451,409,531,431,512,22,409,19,531
163,163,GRB7_HUMAN,GRB7,N,431 - 512,4WWQ,A,431 - 512,SigReg,GRB7,HUMAN,431,512,Q14451,409,531,431,512,22,409,19,531
164,164,GRB7_HUMAN,GRB7,N,431 - 512,4WWQ,B,431 - 512,SigReg,GRB7,HUMAN,431,512,Q14451,409,531,431,512,22,409,19,531
165,165,GRB7_HUMAN,GRB7,N,431 - 512,4X6S,A,431 - 512,SigReg,GRB7,HUMAN,431,512,Q14451,409,531,431,512,22,409,19,531
166,166,GRB7_HUMAN,GRB7,N,431 - 512,4X6S,B,431 - 512,SigReg,GRB7,HUMAN,431,512,Q14451,409,531,431,512,22,409,19,531
167,167,GRB7_HUMAN,GRB7,N,431 - 512,5D0J,A,431 - 512,SigReg,GRB7,HUMAN,431,512,Q14451,409,531,431,512,22,409,19,531
168,168,GRB7_HUMAN,GRB7,N,431 - 512,5D0J,B,431 - 512,SigReg,GRB7,HUMAN,431,512,Q14451,409,531,431,512,22,409,19,531
169,169,GRB7_HUMAN,GRB7,N,431 - 512,5D0J,C,431 - 512,SigReg,GRB7,HUMAN,431,512,Q14451,409,531,431,512,22,409,19,531
170,170,GRB7_HUMAN,GRB7,N,431 - 512,5D0J,D,431 - 512,SigReg,GRB7,HUMAN,431,512,Q14451,409,531,431,512,22,409,19,531
171,171,GRB7_HUMAN,GRB7,N,431 - 512,5EEL,A,431 - 512,SigReg,GRB7,HUMAN,431,512,Q14451,409,531,431,512,22,409,19,531
172,172,GRB7_HUMAN,GRB7,N,431 - 512,5EEL,B,431 - 512,SigReg,GRB7,HUMAN,431,512,Q14451,409,531,431,512,22,409,19,531
173,173,GRB7_HUMAN,GRB7,N,431 - 512,5EEL,C,431 - 512,SigReg,GRB7,HUMAN,431,512,Q14451,409,531,431,512,22,409,19,531
174,174,GRB7_HUMAN,GRB7,N,431 - 512,5EEL,D,431 - 512,SigReg,GRB7,HUMAN,431,512,Q14451,409,531,431,512,22,409,19,531
175,175,GRB7_HUMAN,GRB7,N,431 - 512,5EEL,E,431 - 512,SigReg,GRB7,HUMAN,431,512,Q14451,409,531,431,512,22,409,19,531
176,176,GRB7_HUMAN,GRB7,N,431 - 512,5EEL,F,431 - 512,SigReg,GRB7,HUMAN,431,512,Q14451,409,531,431,512,22,409,19,531
177,177,GRB7_HUMAN,GRB7,N,431 - 512,5EEQ,A,431 - 512,SigReg,GRB7,HUMAN,431,512,Q14451,409,531,431,512,22,409,19,531
178,178,GRB7_HUMAN,GRB7,N,431 - 512,5EEQ,B,431 - 512,SigReg,GRB7,HUMAN,431,512,Q14451,409,531,431,512,22,409,19,531
179,179,GRB7_HUMAN,GRB7,N,431 - 512,5TYI,A,431 - 512,SigReg,GRB7,HUMAN,431,512,Q14451,409,531,431,512,22,409,19,531
180,180,GRB7_HUMAN,GRB7,N,431 - 512,5TYI,B,431 - 512,SigReg,GRB7,HUMAN,431,512,Q14451,409,531,431,512,22,409,19,531
181,181,GRB7_HUMAN,GRB7,N,431 - 512,5TYI,C,431 - 512,SigReg,GRB7,HUMAN,431,512,Q14451,409,531,431,512,22,409,19,531
182,182,GRB7_HUMAN,GRB7,N,431 - 512,5TYI,D,431 - 512,SigReg,GRB7,HUMAN,431,512,Q14451,409,531,431,512,22,409,19,531
183,183,GRB7_HUMAN,GRB7,N,431 - 512,5U06,A,431 - 512,SigReg,GRB7,HUMAN,431,512,Q14451,409,531,431,512,22,409,19,531
184,184,GRB7_HUMAN,GRB7,N,431 - 512,5U06,B,431 - 512,SigReg,GRB7,HUMAN,431,512,Q14451,409,531,431,512,22,409,19,531
185,185,GRB7_HUMAN,GRB7,N,431 - 512,5U06,C,431 - 512,SigReg,GRB7,HUMAN,431,512,Q14451,409,531,431,512,22,409,19,531
186,186,GRB7_HUMAN,GRB7,N,431 - 512,5U06,D,431 - 512,SigReg,GRB7,HUMAN,431,512,Q14451,409,531,431,512,22,409,19,531
187,187,GRB7_HUMAN,GRB7,N,431 - 512,5U1Q,A,431 - 512,SigReg,GRB7,HUMAN,431,512,Q14451,409,531,431,512,22,409,19,531
188,188,GRB7_HUMAN,GRB7,N,431 - 512,5U1Q,B,431 - 512,SigReg,GRB7,HUMAN,431,512,Q14451,409,531,431,512,22,409,19,531
189,189,GRB7_HUMAN,GRB7,N,431 - 512,5U1Q,C,431 - 512,SigReg,GRB7,HUMAN,431,512,Q14451,409,531,431,512,22,409,19,531
190,190,GRB7_HUMAN,GRB7,N,431 - 512,5U1Q,D,431 - 512,SigReg,GRB7,HUMAN,431,512,Q14451,409,531,431,512,22,409,19,531
191,191,HCK_HUMAN,HCK,N,144 - 226,1AD5,A,148 - 230,Kinases,HCK,HUMAN,148,230,P08631,122,252,144,226,22,126,26,256
192,192,HCK_HUMAN,HCK,N,144 - 226,1AD5,B,148 - 230,Kinases,HCK,HUMAN,148,230,P08631,122,252,144,226,22,126,26,256
193,193,HCK_HUMAN,HCK,N,144 - 226,1QCF,A,148 - 230,Kinases,HCK,HUMAN,148,230,P08631,122,252,144,226,22,126,26,256
194,194,HCK_HUMAN,HCK,N,144 - 226,2C0I,A,123 - 205,Kinases,HCK,HUMAN,123,205,P08631,122,252,144,226,22,101,26,231
195,195,HCK_HUMAN,HCK,N,144 - 226,2C0I,B,123 - 205,Kinases,HCK,HUMAN,123,205,P08631,122,252,144,226,22,101,26,231
196,196,HCK_HUMAN,HCK,N,144 - 226,2C0O,A,123 - 205,Kinases,HCK,HUMAN,123,205,P08631,122,252,144,226,22,101,26,231
197,197,HCK_HUMAN,HCK,N,144 - 226,2C0O,B,123 - 205,Kinases,HCK,HUMAN,123,205,P08631,122,252,144,226,22,101,26,231
198,198,HCK_HUMAN,HCK,N,144 - 226,2C0T,A,123 - 205,Kinases,HCK,HUMAN,123,205,P08631,122,252,144,226,22,101,26,231
199,199,HCK_HUMAN,HCK,N,144 - 226,2C0T,B,123 - 205,Kinases,HCK,HUMAN,123,205,P08631,122,252,144,226,22,101,26,231
200,200,HCK_HUMAN,HCK,N,144 - 226,2HCK,A,148 - 230,Kinases,HCK,HUMAN,148,230,P08631,122,252,144,226,22,126,26,256
201,201,HCK_HUMAN,HCK,N,144 - 226,2HCK,B,148 - 230,Kinases,HCK,HUMAN,148,230,P08631,122,252,144,226,22,126,26,256
202,202,HCK_HUMAN,HCK,N,144 - 226,3HCK,A,6 - 88,Kinases,HCK,HUMAN,6,88,P08631,122,252,144,226,22,0,26,114
203,203,HCK_HUMAN,HCK,N,144 - 226,3NHN,A,148 - 230,Kinases,HCK,HUMAN,148,230,P08631,122,252,144,226,22,126,26,256
204,204,HCK_HUMAN,HCK,N,144 - 226,3VRY,A,149 - 231,Kinases,HCK,HUMAN,149,231,P08631,122,252,144,226,22,127,26,257
205,205,HCK_HUMAN,HCK,N,144 - 226,3VRY,B,149 - 231,Kinases,HCK,HUMAN,149,231,P08631,122,252,144,226,22,127,26,257
206,206,HCK_HUMAN,HCK,N,144 - 226,3VRZ,A,149 - 231,Kinases,HCK,HUMAN,149,231,P08631,122,252,144,226,22,127,26,257
207,207,HCK_HUMAN,HCK,N,144 - 226,3VRZ,B,149 - 231,Kinases,HCK,HUMAN,149,231,P08631,122,252,144,226,22,127,26,257
208,208,HCK_HUMAN,HCK,N,144 - 226,3VS0,A,149 - 231,Kinases,HCK,HUMAN,149,231,P08631,122,252,144,226,22,127,26,257
209,209,HCK_HUMAN,HCK,N,144 - 226,3VS0,B,149 - 231,Kinases,HCK,HUMAN,149,231,P08631,122,252,144,226,22,127,26,257
210,210,HCK_HUMAN,HCK,N,144 - 226,3VS1,A,149 - 231,Kinases,HCK,HUMAN,149,231,P08631,122,252,144,226,22,127,26,257
211,211,HCK_HUMAN,HCK,N,144 - 226,3VS1,B,149 - 231,Kinases,HCK,HUMAN,149,231,P08631,122,252,144,226,22,127,26,257
212,212,HCK_HUMAN,HCK,N,144 - 226,3VS2,A,149 - 231,Kinases,HCK,HUMAN,149,231,P08631,122,252,144,226,22,127,26,257
213,213,HCK_HUMAN,HCK,N,144 - 226,3VS2,B,149 - 231,Kinases,HCK,HUMAN,149,231,P08631,122,252,144,226,22,127,26,257
214,214,HCK_HUMAN,HCK,N,144 - 226,3VS3,A,149 - 231,Kinases,HCK,HUMAN,149,231,P08631,122,252,144,226,22,127,26,257
215,215,HCK_HUMAN,HCK,N,144 - 226,3VS3,B,149 - 231,Kinases,HCK,HUMAN,149,231,P08631,122,252,144,226,22,127,26,257
216,216,HCK_HUMAN,HCK,N,144 - 226,3VS4,A,149 - 231,Kinases,HCK,HUMAN,149,231,P08631,122,252,144,226,22,127,26,257
217,217,HCK_HUMAN,HCK,N,144 - 226,3VS4,B,149 - 231,Kinases,HCK,HUMAN,149,231,P08631,122,252,144,226,22,127,26,257
218,218,HCK_HUMAN,HCK,N,144 - 226,3VS5,A,149 - 231,Kinases,HCK,HUMAN,149,231,P08631,122,252,144,226,22,127,26,257
219,219,HCK_HUMAN,HCK,N,144 - 226,3VS5,B,149 - 231,Kinases,HCK,HUMAN,149,231,P08631,122,252,144,226,22,127,26,257
220,220,HCK_HUMAN,HCK,N,144 - 226,3VS6,A,149 - 231,Kinases,HCK,HUMAN,149,231,P08631,122,252,144,226,22,127,26,257
221,221,HCK_HUMAN,HCK,N,144 - 226,3VS6,B,149 - 231,Kinases,HCK,HUMAN,149,231,P08631,122,252,144,226,22,127,26,257
222,222,HCK_HUMAN,HCK,N,144 - 226,3VS7,A,149 - 231,Kinases,HCK,HUMAN,149,231,P08631,122,252,144,226,22,127,26,257
223,223,HCK_HUMAN,HCK,N,144 - 226,3VS7,B,149 - 231,Kinases,HCK,HUMAN,149,231,P08631,122,252,144,226,22,127,26,257
224,224,HCK_HUMAN,HCK,N,144 - 226,4LUD,A,149 - 231,Kinases,HCK,HUMAN,149,231,P08631,122,252,144,226,22,127,26,257
225,225,HCK_HUMAN,HCK,N,144 - 226,4LUD,B,149 - 231,Kinases,HCK,HUMAN,149,231,P08631,122,252,144,226,22,127,26,257
226,226,HCK_HUMAN,HCK,N,144 - 226,4LUE,A,149 - 231,Kinases,HCK,HUMAN,149,231,P08631,122,252,144,226,22,127,26,257
227,227,HCK_HUMAN,HCK,N,144 - 226,4LUE,B,149 - 231,Kinases,HCK,HUMAN,149,231,P08631,122,252,144,226,22,127,26,257
228,228,HCK_HUMAN,HCK,N,144 - 226,4U5W,B,148 - 230,Kinases,HCK,HUMAN,148,230,P08631,122,252,144,226,22,126,26,256
229,229,HCK_HUMAN,HCK,N,144 - 226,4U5W,D,148 - 230,Kinases,HCK,HUMAN,148,230,P08631,122,252,144,226,22,126,26,256
230,230,HCK_HUMAN,HCK,N,144 - 226,5H09,A,149 - 231,Kinases,HCK,HUMAN,149,231,P08631,122,252,144,226,22,127,26,257
231,231,HCK_HUMAN,HCK,N,144 - 226,5H0B,A,149 - 231,Kinases,HCK,HUMAN,149,231,P08631,122,252,144,226,22,127,26,257
232,232,HCK_HUMAN,HCK,N,144 - 226,5H0E,A,149 - 231,Kinases,HCK,HUMAN,149,231,P08631,122,252,144,226,22,127,26,257
233,233,HCK_HUMAN,HCK,N,144 - 226,5H0G,A,149 - 231,Kinases,HCK,HUMAN,149,231,P08631,122,252,144,226,22,127,26,257
234,234,HCK_HUMAN,HCK,N,144 - 226,5H0H,A,149 - 231,Kinases,HCK,HUMAN,149,231,P08631,122,252,144,226,22,127,26,257
235,235,HSH2D_HUMAN,HSH2D,N,34 - 109,2CS0,A,18 - 93,SigReg,HSH2D,HUMAN,18,93,Q96JZ2,12,136,34,109,22,0,27,120
236,237,JAK2_HUMAN,JAK2,N,400 - 481,4Z32,A,400 - 481,Kinases,JAK2,HUMAN,400,481,O60674,377,511,400,481,23,377,30,511
237,238,JAK2_HUMAN,JAK2,N,400 - 481,4Z32,B,400 - 481,Kinases,JAK2,HUMAN,400,481,O60674,377,511,400,481,23,377,30,511
238,239,JAK2_HUMAN,JAK2,N,400 - 481,4Z32,C,400 - 481,Kinases,JAK2,HUMAN,400,481,O60674,377,511,400,481,23,377,30,511
239,240,JAK2_HUMAN,JAK2,N,400 - 481,4Z32,D,400 - 481,Kinases,JAK2,HUMAN,400,481,O60674,377,511,400,481,23,377,30,511
240,241,JAK2_HUMAN,JAK2,N,400 - 481,4Z32,E,400 - 481,Kinases,JAK2,HUMAN,400,481,O60674,377,511,400,481,23,377,30,511
241,242,JAK2_HUMAN,JAK2,N,400 - 481,4Z32,F,400 - 481,Kinases,JAK2,HUMAN,400,481,O60674,377,511,400,481,23,377,30,511
242,243,JAK2_HUMAN,JAK2,N,400 - 481,4Z32,G,400 - 481,Kinases,JAK2,HUMAN,400,481,O60674,377,511,400,481,23,377,30,511
243,244,JAK2_HUMAN,JAK2,N,400 - 481,6E2P,A,400 - 481,Kinases,JAK2,HUMAN,400,481,O60674,377,511,400,481,23,377,30,511
244,245,JAK2_HUMAN,JAK2,N,400 - 481,6E2P,B,400 - 481,Kinases,JAK2,HUMAN,400,481,O60674,377,511,400,481,23,377,30,511
245,246,JAK2_HUMAN,JAK2,N,400 - 481,6E2Q,A,400 - 481,Kinases,JAK2,HUMAN,400,481,O60674,377,511,400,481,23,377,30,511
246,247,JAK2_HUMAN,JAK2,N,400 - 481,6E2Q,B,400 - 481,Kinases,JAK2,HUMAN,400,481,O60674,377,511,400,481,23,377,30,511
247,248,JAK2_HUMAN,JAK2,N,400 - 481,6E2Q,C,400 - 481,Kinases,JAK2,HUMAN,400,481,O60674,377,511,400,481,23,377,30,511
248,249,JAK2_HUMAN,JAK2,N,400 - 481,6E2Q,D,400 - 481,Kinases,JAK2,HUMAN,400,481,O60674,377,511,400,481,23,377,30,511
249,250,KSYK_HUMAN,SYK_N,N,15 - 92,1A81,A,15 - 92,Kinases,SYK,HUMAN,15,92,P43405,1,118,15,92,14,1,26,118
250,251,KSYK_HUMAN,SYK_N,N,15 - 92,1A81,C,15 - 92,Kinases,SYK,HUMAN,15,92,P43405,1,118,15,92,14,1,26,118
251,252,KSYK_HUMAN,SYK_N,N,15 - 92,1A81,E,15 - 92,Kinases,SYK,HUMAN,15,92,P43405,1,118,15,92,14,1,26,118
252,253,KSYK_HUMAN,SYK_N,N,15 - 92,1A81,G,15 - 92,Kinases,SYK,HUMAN,15,92,P43405,1,118,15,92,14,1,26,118
253,254,KSYK_HUMAN,SYK_N,N,15 - 92,1A81,I,15 - 92,Kinases,SYK,HUMAN,15,92,P43405,1,118,15,92,14,1,26,118
254,255,KSYK_HUMAN,SYK_N,N,15 - 92,1A81,K,15 - 92,Kinases,SYK,HUMAN,15,92,P43405,1,118,15,92,14,1,26,118
255,256,KSYK_HUMAN,SYK_N,N,15 - 92,4FL2,A,15 - 92,Kinases,SYK,HUMAN,15,92,P43405,1,118,15,92,14,1,26,118
256,257,KSYK_HUMAN,SYK_N,N,15 - 92,4FL3,A,15 - 92,Kinases,SYK,HUMAN,15,92,P43405,1,118,15,92,14,1,26,118
257,258,KSYK_HUMAN,SYK_C,C,168 - 244,1A81,A,168 - 244,Kinases,SYK,HUMAN,168,244,P43405,146,266,168,244,22,146,22,266
258,259,KSYK_HUMAN,SYK_C,C,168 - 244,1A81,C,168 - 244,Kinases,SYK,HUMAN,168,244,P43405,146,270,168,244,22,146,26,270
259,260,KSYK_HUMAN,SYK_C,C,168 - 244,1A81,E,168 - 244,Kinases,SYK,HUMAN,168,244,P43405,146,270,168,244,22,146,26,270
260,261,KSYK_HUMAN,SYK_C,C,168 - 244,1A81,G,168 - 244,Kinases,SYK,HUMAN,168,244,P43405,146,270,168,244,22,146,26,270
261,262,KSYK_HUMAN,SYK_C,C,168 - 244,1A81,I,168 - 244,Kinases,SYK,HUMAN,168,244,P43405,146,270,168,244,22,146,26,270
262,263,KSYK_HUMAN,SYK_C,C,168 - 244,1A81,K,168 - 244,Kinases,SYK,HUMAN,168,244,P43405,146,270,168,244,22,146,26,270
263,264,KSYK_HUMAN,SYK_C,C,168 - 244,1CSY,A,15 - 91,Kinases,SYK,HUMAN,15,91,P43405,146,270,168,244,22,0,26,117
264,265,KSYK_HUMAN,SYK_C,C,168 - 244,1CSZ,A,15 - 91,Kinases,SYK,HUMAN,15,91,P43405,146,270,168,244,22,0,26,117
265,266,KSYK_HUMAN,SYK_C,C,168 - 244,4FL2,A,168 - 244,Kinases,SYK,HUMAN,168,244,P43405,146,270,168,244,22,146,26,270
266,267,KSYK_HUMAN,SYK_C,C,168 - 244,4FL3,A,168 - 244,Kinases,SYK,HUMAN,168,244,P43405,146,270,168,244,22,146,26,270
267,268,LCK_HUMAN,LCK,N,127 - 209,1BHF,A,127 - 209,Kinases,LCK,HUMAN,127,209,P06239,105,235,127,209,22,105,26,235
268,269,LCK_HUMAN,LCK,N,127 - 209,1BHH,A,127 - 209,Kinases,LCK,HUMAN,127,209,P06239,105,235,127,209,22,105,26,235
269,270,LCK_HUMAN,LCK,N,127 - 209,1BHH,B,127 - 209,Kinases,LCK,HUMAN,127,209,P06239,105,235,127,209,22,105,26,235
270,271,LCK_HUMAN,LCK,N,127 - 209,1CWD,L,5 - 87,Kinases,LCK,HUMAN,5,87,P06239,105,235,127,209,22,0,26,113
271,272,LCK_HUMAN,LCK,N,127 - 209,1CWE,A,5 - 87,Kinases,LCK,HUMAN,5,87,P06239,105,235,127,209,22,0,26,113
272,273,LCK_HUMAN,LCK,N,127 - 209,1CWE,C,5 - 87,Kinases,LCK,HUMAN,5,87,P06239,105,235,127,209,22,0,26,113
273,274,LCK_HUMAN,LCK,N,127 - 209,1FBZ,A,5 - 87,Kinases,LCK,HUMAN,5,87,P06239,105,235,127,209,22,0,26,113
274,275,LCK_HUMAN,LCK,N,127 - 209,1FBZ,B,205 - 287,Kinases,LCK,HUMAN,205,287,P06239,105,235,127,209,22,183,26,313
275,276,LCK_HUMAN,LCK,N,127 - 209,1IJR,A,5 - 87,Kinases,LCK,HUMAN,5,87,P06239,105,235,127,209,22,0,26,113
276,277,LCK_HUMAN,LCK,N,127 - 209,1LCJ,A,127 - 209,Kinases,LCK,HUMAN,127,209,P06239,105,235,127,209,22,105,26,235
277,278,LCK_HUMAN,LCK,N,127 - 209,1LCK,A,127 - 209,Kinases,LCK,HUMAN,127,209,P06239,105,235,127,209,22,105,26,235
278,279,LCK_HUMAN,LCK,N,127 - 209,1LKK,A,127 - 209,Kinases,LCK,HUMAN,127,209,P06239,105,235,127,209,22,105,26,235
279,280,LCK_HUMAN,LCK,N,127 - 209,1LKL,A,127 - 209,Kinases,LCK,HUMAN,127,209,P06239,105,235,127,209,22,105,26,235
280,281,LCK_HUMAN,LCK,N,127 - 209,1X27,A,127 - 209,Kinases,LCK,HUMAN,127,209,P06239,105,235,127,209,22,105,26,235
281,282,LCK_HUMAN,LCK,N,127 - 209,1X27,B,127 - 209,Kinases,LCK,HUMAN,127,209,P06239,105,235,127,209,22,105,26,235
282,283,LCK_HUMAN,LCK,N,127 - 209,1X27,C,127 - 209,Kinases,LCK,HUMAN,127,209,P06239,105,235,127,209,22,105,26,235
283,284,LCK_HUMAN,LCK,N,127 - 209,1X27,D,127 - 209,Kinases,LCK,HUMAN,127,209,P06239,105,235,127,209,22,105,26,235
284,285,LCK_HUMAN,LCK,N,127 - 209,1X27,E,127 - 209,Kinases,LCK,HUMAN,127,209,P06239,105,235,127,209,22,105,26,235
285,286,LCK_HUMAN,LCK,N,127 - 209,1X27,F,127 - 209,Kinases,LCK,HUMAN,127,209,P06239,105,235,127,209,22,105,26,235
286,287,LCK_HUMAN,LCK,N,127 - 209,4D8K,A,127 - 209,Kinases,LCK,HUMAN,127,209,P06239,105,235,127,209,22,105,26,235
287,288,LCK_HUMAN,LCK,N,127 - 209,5MTM,A,12 - 94,Kinases,LCK,HUMAN,12,94,P06239,105,235,127,209,22,0,26,120
288,289,LCK_HUMAN,LCK,N,127 - 209,5MTN,A,12 - 94,Kinases,LCK,HUMAN,12,94,P06239,105,235,127,209,22,0,26,120
289,290,MATK_HUMAN,MATK,N,122 - 196,1JWO,A,122 - 196,Kinases,MATK,HUMAN,122,196,P42679,100,221,122,196,22,100,25,221
290,291,MATK_HUMAN,MATK,N,122 - 196,3US4,A,122 - 196,Kinases,MATK,HUMAN,122,196,P42679,100,221,122,196,22,100,25,221
291,292,NCK1_HUMAN,NCK1,N,282 - 356,2CI8,A,282 - 356,Adaptors,NCK1,HUMAN,282,356,P16333,260,377,282,356,22,260,21,377
292,293,NCK1_HUMAN,NCK1,N,282 - 356,2CI9,A,282 - 356,Adaptors,NCK1,HUMAN,282,356,P16333,260,377,282,356,22,260,21,377
293,294,NCK1_HUMAN,NCK1,N,282 - 356,2CI9,B,282 - 356,Adaptors,NCK1,HUMAN,282,356,P16333,260,377,282,356,22,260,21,377
294,295,NCK2_HUMAN,NCK2,N,285 - 359,1Z3K,A,3 - 77,Adaptors,NCK2,HUMAN,3,77,O43639,263,380,285,359,22,0,21,98
295,296,NCK2_HUMAN,NCK2,N,285 - 359,2CIA,A,285 - 359,Adaptors,NCK2,HUMAN,285,359,O43639,263,380,285,359,22,263,21,380
296,297,P85A_HUMAN,PIK3R1_N,N,333 - 398,4JPS,B,333 - 398,Kinases,PIK3R1,HUMAN,333,398,P27986,311,434,333,398,22,311,36,434
297,298,P85A_HUMAN,PIK3R1_N,N,333 - 408,2IUG,A,12 - 87,Kinases,PIK3R1,HUMAN,12,87,P27986,311,434,333,408,22,0,26,113
298,299,P85A_HUMAN,PIK3R1_N,N,333 - 408,2IUH,A,12 - 87,Kinases,PIK3R1,HUMAN,12,87,P27986,311,434,333,408,22,0,26,113
299,300,P85A_HUMAN,PIK3R1_N,N,333 - 408,2IUI,A,12 - 87,Kinases,PIK3R1,HUMAN,12,87,P27986,311,434,333,408,22,0,26,113
300,301,P85A_HUMAN,PIK3R1_N,N,333 - 408,2IUI,B,1012 - 1087,Kinases,PIK3R1,HUMAN,1012,1087,P27986,311,434,333,408,22,990,26,1113
301,302,P85A_HUMAN,PIK3R1_N,N,333 - 408,3HHM,B,333 - 408,Kinases,PIK3R1,HUMAN,333,408,P27986,311,434,333,408,22,311,26,434
302,303,P85A_HUMAN,PIK3R1_N,N,333 - 408,3HIZ,B,333 - 408,Kinases,PIK3R1,HUMAN,333,408,P27986,311,434,333,408,22,311,26,434
303,304,P85A_HUMAN,PIK3R1_N,N,333 - 408,4L1B,B,333 - 408,Kinases,PIK3R1,HUMAN,333,408,P27986,311,434,333,408,22,311,26,434
304,305,P85A_HUMAN,PIK3R1_N,N,333 - 408,4L23,B,333 - 408,Kinases,PIK3R1,HUMAN,333,408,P27986,311,434,333,408,22,311,26,434
305,306,P85A_HUMAN,PIK3R1_N,N,333 - 408,4L2Y,B,333 - 408,Kinases,PIK3R1,HUMAN,333,408,P27986,311,434,333,408,22,311,26,434
306,307,P85A_HUMAN,PIK3R1_N,N,333 - 408,4OVU,B,333 - 408,Kinases,PIK3R1,HUMAN,333,408,P27986,311,434,333,408,22,311,26,434
307,308,P85A_HUMAN,PIK3R1_N,N,333 - 408,4OVV,B,333 - 408,Kinases,PIK3R1,HUMAN,333,408,P27986,311,434,333,408,22,311,26,434
308,309,P85A_HUMAN,PIK3R1_N,N,333 - 408,4WAF,B,333 - 408,Kinases,PIK3R1,HUMAN,333,408,P27986,311,434,333,408,22,311,26,434
309,310,P85A_HUMAN,PIK3R1_N,N,333 - 408,4YKN,A,333 - 408,Kinases,PIK3R1,HUMAN,333,408,P27986,311,434,333,408,22,311,26,434
310,311,P85A_HUMAN,PIK3R1_N,N,333 - 408,4ZOP,B,333 - 408,Kinases,PIK3R1,HUMAN,333,408,P27986,311,434,333,408,22,311,26,434
311,312,P85A_HUMAN,PIK3R1_N,N,333 - 408,5FI4,B,333 - 408,Kinases,PIK3R1,HUMAN,333,408,P27986,311,434,333,408,22,311,26,434
312,313,P85A_HUMAN,PIK3R1_N,N,333 - 408,5GJI,A,333 - 408,Kinases,PIK3R1,HUMAN,333,408,P27986,311,434,333,408,22,311,26,434
313,314,P85A_HUMAN,PIK3R1_N,N,333 - 408,5ITD,B,333 - 408,Kinases,PIK3R1,HUMAN,333,408,P27986,311,434,333,408,22,311,26,434
314,315,P85A_HUMAN,PIK3R1_N,N,333 - 408,5SWG,B,333 - 408,Kinases,PIK3R1,HUMAN,333,408,P27986,311,434,333,408,22,311,26,434
315,316,P85A_HUMAN,PIK3R1_N,N,333 - 408,5SWO,B,333 - 408,Kinases,PIK3R1,HUMAN,333,408,P27986,311,434,333,408,22,311,26,434
316,317,P85A_HUMAN,PIK3R1_N,N,333 - 408,5SWP,B,333 - 408,Kinases,PIK3R1,HUMAN,333,408,P27986,311,434,333,408,22,311,26,434
317,318,P85A_HUMAN,PIK3R1_N,N,333 - 408,5SWR,B,333 - 408,Kinases,PIK3R1,HUMAN,333,408,P27986,311,434,333,408,22,311,26,434
318,319,P85A_HUMAN,PIK3R1_N,N,333 - 408,5SWT,B,333 - 408,Kinases,PIK3R1,HUMAN,333,408,P27986,311,434,333,408,22,311,26,434
319,320,P85A_HUMAN,PIK3R1_N,N,333 - 408,5SX8,B,333 - 408,Kinases,PIK3R1,HUMAN,333,408,P27986,311,434,333,408,22,311,26,434
320,321,P85A_HUMAN,PIK3R1_N,N,333 - 408,5SX9,B,333 - 408,Kinases,PIK3R1,HUMAN,333,408,P27986,311,434,333,408,22,311,26,434
321,322,P85A_HUMAN,PIK3R1_N,N,333 - 408,5SXB,B,333 - 408,Kinases,PIK3R1,HUMAN,333,408,P27986,311,434,333,408,22,311,26,434
322,323,P85A_HUMAN,PIK3R1_N,N,333 - 408,5SXC,B,333 - 408,Kinases,PIK3R1,HUMAN,333,408,P27986,311,434,333,408,22,311,26,434
323,324,P85A_HUMAN,PIK3R1_N,N,333 - 408,5SXD,B,333 - 408,Kinases,PIK3R1,HUMAN,333,408,P27986,311,434,333,408,22,311,26,434
324,325,P85A_HUMAN,PIK3R1_N,N,333 - 408,5SXE,B,333 - 408,Kinases,PIK3R1,HUMAN,333,408,P27986,311,434,333,408,22,311,26,434
325,326,P85A_HUMAN,PIK3R1_N,N,333 - 408,5SXI,B,333 - 408,Kinases,PIK3R1,HUMAN,333,408,P27986,311,434,333,408,22,311,26,434
326,327,P85A_HUMAN,PIK3R1_N,N,333 - 408,5SXK,B,333 - 408,Kinases,PIK3R1,HUMAN,333,408,P27986,311,434,333,408,22,311,26,434
327,328,P85A_HUMAN,PIK3R1_N,N,333 - 408,5UK8,B,333 - 408,Kinases,PIK3R1,HUMAN,333,408,P27986,311,434,333,408,22,311,26,434
328,329,P85A_HUMAN,PIK3R1_N,N,333 - 408,5UKJ,B,333 - 408,Kinases,PIK3R1,HUMAN,333,408,P27986,311,434,333,408,22,311,26,434
329,330,P85A_HUMAN,PIK3R1_N,N,333 - 408,5UL1,B,333 - 408,Kinases,PIK3R1,HUMAN,333,408,P27986,311,434,333,408,22,311,26,434
330,331,P85A_HUMAN,PIK3R1_N,N,333 - 408,5XGH,B,333 - 408,Kinases,PIK3R1,HUMAN,333,408,P27986,311,434,333,408,22,311,26,434
331,332,P85A_HUMAN,PIK3R1_N,N,333 - 408,5XGI,B,333 - 408,Kinases,PIK3R1,HUMAN,333,408,P27986,311,434,333,408,22,311,26,434
332,333,P85A_HUMAN,PIK3R1_N,N,333 - 408,5XGJ,B,333 - 408,Kinases,PIK3R1,HUMAN,333,408,P27986,311,434,333,408,22,311,26,434
333,334,P85A_HUMAN,PIK3R1_N,N,333 - 408,6NCT,B,333 - 408,Kinases,PIK3R1,HUMAN,333,408,P27986,311,434,333,408,22,311,26,434
334,335,P85A_HUMAN,PIK3R1_N,N,334 - 408,5SXJ,B,334 - 408,Kinases,PIK3R1,HUMAN,334,408,P27986,311,434,334,408,23,311,26,434
335,336,P85A_HUMAN,PIK3R1_N,N,340 - 381,5SXF,B,340 - 381,Kinases,PIK3R1,HUMAN,340,381,P27986,311,434,340,381,29,311,53,434
336,337,P85A_HUMAN,PIK3R1_N,N,340 - 408,5SXA,B,340 - 408,Kinases,PIK3R1,HUMAN,340,408,P27986,311,434,340,408,29,311,26,434
337,338,P85A_HUMAN,PIK3R1_N,N,341 - 408,5SW8,B,341 - 408,Kinases,PIK3R1,HUMAN,341,408,P27986,311,434,341,408,30,311,26,434
338,339,P85A_HUMAN,PIK3R1_C,C,624 - 698,1H9O,A,12 - 86,Kinases,PIK3R1,HUMAN,12,86,P27986,602,724,624,698,22,0,26,112
339,340,P85A_HUMAN,PIK3R1_C,C,624 - 698,1PIC,A,12 - 86,Kinases,PIK3R1,HUMAN,12,86,P27986,602,724,624,698,22,0,26,112
340,341,P85A_HUMAN,PIK3R1_C,C,624 - 698,5AUL,A,624 - 698,Kinases,PIK3R1,HUMAN,624,698,P27986,602,724,624,698,22,602,26,724
341,342,PLCG1_HUMAN,PLCG1_N,N,550 - 639,4EY0,A,550 - 639,PhosLip_second_mess,PLCG1,HUMAN,550,639,P19174,528,665,550,639,22,528,26,665
342,343,PLCG1_HUMAN,PLCG1_N,N,550 - 639,4EY0,B,550 - 639,PhosLip_second_mess,PLCG1,HUMAN,550,639,P19174,528,665,550,639,22,528,26,665
343,344,PLCG1_HUMAN,PLCG1_N,N,550 - 639,4EY0,C,550 - 639,PhosLip_second_mess,PLCG1,HUMAN,550,639,P19174,528,665,550,639,22,528,26,665
344,345,PLCG1_HUMAN,PLCG1_N,N,550 - 639,4EY0,D,550 - 639,PhosLip_second_mess,PLCG1,HUMAN,550,639,P19174,528,665,550,639,22,528,26,665
345,346,PLCG1_HUMAN,PLCG1_N,N,550 - 639,4FBN,A,550 - 639,PhosLip_second_mess,PLCG1,HUMAN,550,639,P19174,528,665,550,639,22,528,26,665
346,347,PLCG1_HUMAN,PLCG1_C,C,668 - 741,4EY0,A,668 - 741,PhosLip_second_mess,PLCG1,HUMAN,668,741,P19174,646,767,668,741,22,646,26,767
347,348,PLCG1_HUMAN,PLCG1_C,C,668 - 741,4EY0,B,668 - 741,PhosLip_second_mess,PLCG1,HUMAN,668,741,P19174,646,767,668,741,22,646,26,767
348,349,PLCG1_HUMAN,PLCG1_C,C,668 - 741,4EY0,C,668 - 741,PhosLip_second_mess,PLCG1,HUMAN,668,741,P19174,646,767,668,741,22,646,26,767
349,350,PLCG1_HUMAN,PLCG1_C,C,668 - 741,4EY0,D,668 - 741,PhosLip_second_mess,PLCG1,HUMAN,668,741,P19174,646,767,668,741,22,646,26,767
350,351,PLCG1_HUMAN,PLCG1_C,C,668 - 741,4FBN,A,668 - 741,PhosLip_second_mess,PLCG1,HUMAN,668,741,P19174,646,767,668,741,22,646,26,767
351,352,PTK6_HUMAN,PTK6,N,78 - 155,1RJA,A,4 - 81,Kinases,PTK6,HUMAN,4,81,Q13882,56,181,78,155,22,0,26,107
352,353,PTN11_HUMAN,PTPN11_C,C,112 - 197,2SHP,A,112 - 197,Phophatases,PTPN11,HUMAN,112,197,Q06124,90,223,112,197,22,90,26,223
353,354,PTN11_HUMAN,PTPN11_C,C,112 - 197,2SHP,B,112 - 197,Phophatases,PTPN11,HUMAN,112,197,Q06124,90,223,112,197,22,90,26,223
354,355,PTN11_HUMAN,PTPN11_C,C,112 - 197,4DGP,A,112 - 197,Phophatases,PTPN11,HUMAN,112,197,Q06124,90,223,112,197,22,90,26,223
355,356,PTN11_HUMAN,PTPN11_C,C,112 - 197,4DGX,A,112 - 197,Phophatases,PTPN11,HUMAN,112,197,Q06124,90,223,112,197,22,90,26,223
356,357,PTN11_HUMAN,PTPN11_C,C,112 - 197,4GWF,A,112 - 197,Phophatases,PTPN11,HUMAN,112,197,Q06124,90,223,112,197,22,90,26,223
357,358,PTN11_HUMAN,PTPN11_C,C,112 - 197,4GWF,B,112 - 197,Phophatases,PTPN11,HUMAN,112,197,Q06124,90,223,112,197,22,90,26,223
358,359,PTN11_HUMAN,PTPN11_C,C,112 - 197,4H1O,A,112 - 197,Phophatases,PTPN11,HUMAN,112,197,Q06124,90,223,112,197,22,90,26,223
359,360,PTN11_HUMAN,PTPN11_C,C,112 - 197,4H34,A,112 - 197,Phophatases,PTPN11,HUMAN,112,197,Q06124,90,223,112,197,22,90,26,223
360,361,PTN11_HUMAN,PTPN11_C,C,112 - 197,4JEG,A,112 - 197,Phophatases,PTPN11,HUMAN,112,197,Q06124,90,223,112,197,22,90,26,223
361,362,PTN11_HUMAN,PTPN11_C,C,112 - 197,4NWF,A,112 - 197,Phophatases,PTPN11,HUMAN,112,197,Q06124,90,223,112,197,22,90,26,223
362,363,PTN11_HUMAN,PTPN11_C,C,112 - 197,4NWF,B,112 - 197,Phophatases,PTPN11,HUMAN,112,197,Q06124,90,223,112,197,22,90,26,223
363,364,PTN11_HUMAN,PTPN11_C,C,112 - 197,4NWG,A,112 - 197,Phophatases,PTPN11,HUMAN,112,197,Q06124,90,223,112,197,22,90,26,223
364,365,PTN11_HUMAN,PTPN11_C,C,112 - 197,4NWG,B,112 - 197,Phophatases,PTPN11,HUMAN,112,197,Q06124,90,223,112,197,22,90,26,223
365,366,PTN11_HUMAN,PTPN11_C,C,112 - 197,4OHD,A,112 - 197,Phophatases,PTPN11,HUMAN,112,197,Q06124,90,223,112,197,22,90,26,223
366,367,PTN11_HUMAN,PTPN11_C,C,112 - 197,4OHE,A,112 - 197,Phophatases,PTPN11,HUMAN,112,197,Q06124,90,223,112,197,22,90,26,223
367,368,PTN11_HUMAN,PTPN11_C,C,112 - 197,4OHH,A,112 - 197,Phophatases,PTPN11,HUMAN,112,197,Q06124,90,223,112,197,22,90,26,223
368,369,PTN11_HUMAN,PTPN11_C,C,112 - 197,4OHI,A,112 - 197,Phophatases,PTPN11,HUMAN,112,197,Q06124,90,223,112,197,22,90,26,223
369,370,PTN11_HUMAN,PTPN11_C,C,112 - 197,4OHL,A,112 - 197,Phophatases,PTPN11,HUMAN,112,197,Q06124,90,223,112,197,22,90,26,223
370,371,PTN11_HUMAN,PTPN11_C,C,112 - 197,4OHL,B,112 - 197,Phophatases,PTPN11,HUMAN,112,197,Q06124,90,223,112,197,22,90,26,223
371,372,PTN11_HUMAN,PTPN11_C,C,112 - 197,5DF6,A,112 - 197,Phophatases,PTPN11,HUMAN,112,197,Q06124,90,223,112,197,22,90,26,223
372,373,PTN11_HUMAN,PTPN11_C,C,112 - 197,5EHP,A,112 - 197,Phophatases,PTPN11,HUMAN,112,197,Q06124,90,223,112,197,22,90,26,223
373,374,PTN11_HUMAN,PTPN11_C,C,112 - 197,5EHP,B,112 - 197,Phophatases,PTPN11,HUMAN,112,197,Q06124,90,223,112,197,22,90,26,223
374,375,PTN11_HUMAN,PTPN11_C,C,112 - 197,5EHR,A,112 - 197,Phophatases,PTPN11,HUMAN,112,197,Q06124,90,223,112,197,22,90,26,223
375,376,PTN11_HUMAN,PTPN11_C,C,112 - 197,5EHR,B,112 - 197,Phophatases,PTPN11,HUMAN,112,197,Q06124,90,223,112,197,22,90,26,223
376,377,PTN11_HUMAN,PTPN11_C,C,112 - 197,5I6V,A,112 - 197,Phophatases,PTPN11,HUMAN,112,197,Q06124,90,223,112,197,22,90,26,223
377,378,PTN11_HUMAN,PTPN11_C,C,112 - 197,5I6V,B,112 - 197,Phophatases,PTPN11,HUMAN,112,197,Q06124,90,223,112,197,22,90,26,223
378,379,PTN11_HUMAN,PTPN11_C,C,112 - 197,5IBM,A,112 - 197,Phophatases,PTPN11,HUMAN,112,197,Q06124,90,223,112,197,22,90,26,223
379,380,PTN11_HUMAN,PTPN11_C,C,112 - 197,5IBM,B,112 - 197,Phophatases,PTPN11,HUMAN,112,197,Q06124,90,223,112,197,22,90,26,223
380,381,PTN11_HUMAN,PTPN11_C,C,112 - 197,5IBS,A,112 - 197,Phophatases,PTPN11,HUMAN,112,197,Q06124,90,223,112,197,22,90,26,223
381,382,PTN11_HUMAN,PTPN11_C,C,112 - 197,5IBS,B,112 - 197,Phophatases,PTPN11,HUMAN,112,197,Q06124,90,223,112,197,22,90,26,223
382,383,PTN11_HUMAN,PTPN11_C,C,112 - 197,5X7B,A,112 - 197,Phophatases,PTPN11,HUMAN,112,197,Q06124,90,223,112,197,22,90,26,223
383,384,PTN11_HUMAN,PTPN11_C,C,112 - 197,5X94,A,112 - 197,Phophatases,PTPN11,HUMAN,112,197,Q06124,90,223,112,197,22,90,26,223
384,385,PTN11_HUMAN,PTPN11_C,C,112 - 197,5X94,B,112 - 197,Phophatases,PTPN11,HUMAN,112,197,Q06124,90,223,112,197,22,90,26,223
385,386,PTN11_HUMAN,PTPN11_C,C,112 - 197,5XZR,A,112 - 197,Phophatases,PTPN11,HUMAN,112,197,Q06124,90,223,112,197,22,90,26,223
386,387,PTN11_HUMAN,PTPN11_C,C,112 - 197,6ATD,A,112 - 197,Phophatases,PTPN11,HUMAN,112,197,Q06124,90,223,112,197,22,90,26,223
387,388,PTN11_HUMAN,PTPN11_C,C,112 - 197,6ATD,B,112 - 197,Phophatases,PTPN11,HUMAN,112,197,Q06124,90,223,112,197,22,90,26,223
388,389,PTN11_HUMAN,PTPN11_C,C,112 - 197,6BMR,A,112 - 197,Phophatases,PTPN11,HUMAN,112,197,Q06124,90,223,112,197,22,90,26,223
389,390,PTN11_HUMAN,PTPN11_C,C,112 - 197,6BMR,B,112 - 197,Phophatases,PTPN11,HUMAN,112,197,Q06124,90,223,112,197,22,90,26,223
390,391,PTN11_HUMAN,PTPN11_C,C,112 - 197,6BMU,A,112 - 197,Phophatases,PTPN11,HUMAN,112,197,Q06124,90,223,112,197,22,90,26,223
391,392,PTN11_HUMAN,PTPN11_C,C,112 - 197,6BMU,B,112 - 197,Phophatases,PTPN11,HUMAN,112,197,Q06124,90,223,112,197,22,90,26,223
392,393,PTN11_HUMAN,PTPN11_C,C,112 - 197,6BMV,A,112 - 197,Phophatases,PTPN11,HUMAN,112,197,Q06124,90,223,112,197,22,90,26,223
393,394,PTN11_HUMAN,PTPN11_C,C,112 - 197,6BMV,B,112 - 197,Phophatases,PTPN11,HUMAN,112,197,Q06124,90,223,112,197,22,90,26,223
394,395,PTN11_HUMAN,PTPN11_C,C,112 - 197,6BMW,A,112 - 197,Phophatases,PTPN11,HUMAN,112,197,Q06124,90,223,112,197,22,90,26,223
395,396,PTN11_HUMAN,PTPN11_C,C,112 - 197,6BMW,B,112 - 197,Phophatases,PTPN11,HUMAN,112,197,Q06124,90,223,112,197,22,90,26,223
396,397,PTN11_HUMAN,PTPN11_C,C,112 - 197,6BMX,A,112 - 197,Phophatases,PTPN11,HUMAN,112,197,Q06124,90,223,112,197,22,90,26,223
397,398,PTN11_HUMAN,PTPN11_C,C,112 - 197,6BMX,B,112 - 197,Phophatases,PTPN11,HUMAN,112,197,Q06124,90,223,112,197,22,90,26,223
398,399,PTN11_HUMAN,PTPN11_C,C,112 - 197,6BMY,A,112 - 197,Phophatases,PTPN11,HUMAN,112,197,Q06124,90,223,112,197,22,90,26,223
399,400,PTN11_HUMAN,PTPN11_C,C,112 - 197,6BMY,B,112 - 197,Phophatases,PTPN11,HUMAN,112,197,Q06124,90,223,112,197,22,90,26,223
400,401,PTN11_HUMAN,PTPN11_C,C,112 - 197,6BN5,A,112 - 197,Phophatases,PTPN11,HUMAN,112,197,Q06124,90,223,112,197,22,90,26,223
401,402,PTN11_HUMAN,PTPN11_C,C,112 - 197,6BN5,B,112 - 197,Phophatases,PTPN11,HUMAN,112,197,Q06124,90,223,112,197,22,90,26,223
402,403,PTN11_HUMAN,PTPN11_C,C,112 - 197,6CMP,A,112 - 197,Phophatases,PTPN11,HUMAN,112,197,Q06124,90,223,112,197,22,90,26,223
403,404,PTN11_HUMAN,PTPN11_C,C,112 - 197,6CMP,B,112 - 197,Phophatases,PTPN11,HUMAN,112,197,Q06124,90,223,112,197,22,90,26,223
404,405,PTN11_HUMAN,PTPN11_C,C,112 - 197,6CMQ,A,112 - 197,Phophatases,PTPN11,HUMAN,112,197,Q06124,90,223,112,197,22,90,26,223
405,406,PTN11_HUMAN,PTPN11_C,C,112 - 197,6CMQ,B,112 - 197,Phophatases,PTPN11,HUMAN,112,197,Q06124,90,223,112,197,22,90,26,223
406,407,PTN11_HUMAN,PTPN11_C,C,112 - 197,6CMQ,C,112 - 197,Phophatases,PTPN11,HUMAN,112,197,Q06124,90,223,112,197,22,90,26,223
407,408,PTN11_HUMAN,PTPN11_C,C,112 - 197,6CMQ,D,112 - 197,Phophatases,PTPN11,HUMAN,112,197,Q06124,90,223,112,197,22,90,26,223
408,409,PTN11_HUMAN,PTPN11_C,C,112 - 197,6CMR,A,112 - 197,Phophatases,PTPN11,HUMAN,112,197,Q06124,90,223,112,197,22,90,26,223
409,410,PTN11_HUMAN,PTPN11_C,C,112 - 197,6CMS,A,112 - 197,Phophatases,PTPN11,HUMAN,112,197,Q06124,90,223,112,197,22,90,26,223
410,411,PTN11_HUMAN,PTPN11_C,C,112 - 197,6CRF,A,112 - 197,Phophatases,PTPN11,HUMAN,112,197,Q06124,90,223,112,197,22,90,26,223
411,412,PTN11_HUMAN,PTPN11_C,C,112 - 197,6CRF,B,112 - 197,Phophatases,PTPN11,HUMAN,112,197,Q06124,90,223,112,197,22,90,26,223
412,413,PTN11_HUMAN,PTPN11_C,C,112 - 197,6CRG,A,112 - 197,Phophatases,PTPN11,HUMAN,112,197,Q06124,90,223,112,197,22,90,26,223
413,414,PTN11_HUMAN,PTPN11_C,C,112 - 197,6CRG,B,112 - 197,Phophatases,PTPN11,HUMAN,112,197,Q06124,90,223,112,197,22,90,26,223
414,415,PTN11_HUMAN,PTPN11_C,C,112 - 197,6IHZ,A,112 - 197,Phophatases,PTPN11,HUMAN,112,197,Q06124,90,223,112,197,22,90,26,223
415,416,PTN11_HUMAN,PTPN11_C,C,112 - 197,6IHZ,B,112 - 197,Phophatases,PTPN11,HUMAN,112,197,Q06124,90,223,112,197,22,90,26,223
416,417,PTN11_HUMAN,PTPN11_C,C,112 - 197,6MD7,A,112 - 197,Phophatases,PTPN11,HUMAN,112,197,Q06124,90,223,112,197,22,90,26,223
417,418,PTN11_HUMAN,PTPN11_C,C,112 - 197,6MD7,B,112 - 197,Phophatases,PTPN11,HUMAN,112,197,Q06124,90,223,112,197,22,90,26,223
418,419,PTN11_HUMAN,PTPN11_C,C,112 - 197,6MD9,A,112 - 197,Phophatases,PTPN11,HUMAN,112,197,Q06124,90,223,112,197,22,90,26,223
419,420,PTN11_HUMAN,PTPN11_C,C,112 - 197,6MD9,B,112 - 197,Phophatases,PTPN11,HUMAN,112,197,Q06124,90,223,112,197,22,90,26,223
420,421,PTN11_HUMAN,PTPN11_C,C,112 - 197,6MDA,A,112 - 197,Phophatases,PTPN11,HUMAN,112,197,Q06124,90,223,112,197,22,90,26,223
421,422,PTN11_HUMAN,PTPN11_C,C,112 - 197,6MDA,B,112 - 197,Phophatases,PTPN11,HUMAN,112,197,Q06124,90,223,112,197,22,90,26,223
422,423,PTN11_HUMAN,PTPN11_C,C,112 - 197,6MDB,A,112 - 197,Phophatases,PTPN11,HUMAN,112,197,Q06124,90,223,112,197,22,90,26,223
423,424,PTN11_HUMAN,PTPN11_C,C,112 - 197,6MDB,B,112 - 197,Phophatases,PTPN11,HUMAN,112,197,Q06124,90,223,112,197,22,90,26,223
424,425,PTN11_HUMAN,PTPN11_C,C,112 - 197,6MDC,A,112 - 197,Phophatases,PTPN11,HUMAN,112,197,Q06124,90,223,112,197,22,90,26,223
425,426,PTN11_HUMAN,PTPN11_C,C,112 - 197,6MDC,B,112 - 197,Phophatases,PTPN11,HUMAN,112,197,Q06124,90,223,112,197,22,90,26,223
426,427,PTN11_HUMAN,PTPN11_C,C,112 - 197,6MDD,A,112 - 197,Phophatases,PTPN11,HUMAN,112,197,Q06124,90,223,112,197,22,90,26,223
427,428,PTN11_HUMAN,PTPN11_C,C,112 - 197,6MDD,B,112 - 197,Phophatases,PTPN11,HUMAN,112,197,Q06124,90,223,112,197,22,90,26,223
428,429,PTN11_HUMAN,PTPN11_N,N,6 - 81,2SHP,A,6 - 81,Phophatases,PTPN11,HUMAN,6,81,Q06124,1,107,6,81,5,1,26,107
429,430,PTN11_HUMAN,PTPN11_N,N,6 - 81,2SHP,B,6 - 81,Phophatases,PTPN11,HUMAN,6,81,Q06124,1,107,6,81,5,1,26,107
430,431,PTN11_HUMAN,PTPN11_N,N,6 - 81,3TKZ,A,6 - 81,Phophatases,PTPN11,HUMAN,6,81,Q06124,1,107,6,81,5,1,26,107
431,432,PTN11_HUMAN,PTPN11_N,N,6 - 81,3TL0,A,6 - 81,Phophatases,PTPN11,HUMAN,6,81,Q06124,1,107,6,81,5,1,26,107
432,433,PTN11_HUMAN,PTPN11_N,N,6 - 81,4DGP,A,6 - 81,Phophatases,PTPN11,HUMAN,6,81,Q06124,1,107,6,81,5,1,26,107
433,434,PTN11_HUMAN,PTPN11_N,N,6 - 81,4DGX,A,6 - 81,Phophatases,PTPN11,HUMAN,6,81,Q06124,1,107,6,81,5,1,26,107
434,435,PTN11_HUMAN,PTPN11_N,N,6 - 81,4GWF,A,6 - 81,Phophatases,PTPN11,HUMAN,6,81,Q06124,1,107,6,81,5,1,26,107
435,436,PTN11_HUMAN,PTPN11_N,N,6 - 81,4GWF,B,6 - 81,Phophatases,PTPN11,HUMAN,6,81,Q06124,1,107,6,81,5,1,26,107
436,437,PTN11_HUMAN,PTPN11_N,N,6 - 81,4H1O,A,6 - 81,Phophatases,PTPN11,HUMAN,6,81,Q06124,1,107,6,81,5,1,26,107
437,438,PTN11_HUMAN,PTPN11_N,N,6 - 81,4H34,A,6 - 81,Phophatases,PTPN11,HUMAN,6,81,Q06124,1,107,6,81,5,1,26,107
438,439,PTN11_HUMAN,PTPN11_N,N,6 - 81,4JE4,A,6 - 81,Phophatases,PTPN11,HUMAN,6,81,Q06124,1,107,6,81,5,1,26,107
439,440,PTN11_HUMAN,PTPN11_N,N,6 - 81,4NWF,A,6 - 81,Phophatases,PTPN11,HUMAN,6,81,Q06124,1,107,6,81,5,1,26,107
440,441,PTN11_HUMAN,PTPN11_N,N,6 - 81,4NWF,B,6 - 81,Phophatases,PTPN11,HUMAN,6,81,Q06124,1,107,6,81,5,1,26,107
441,442,PTN11_HUMAN,PTPN11_N,N,6 - 81,4NWG,A,6 - 81,Phophatases,PTPN11,HUMAN,6,81,Q06124,1,107,6,81,5,1,26,107
442,443,PTN11_HUMAN,PTPN11_N,N,6 - 81,4NWG,B,6 - 81,Phophatases,PTPN11,HUMAN,6,81,Q06124,1,107,6,81,5,1,26,107
443,444,PTN11_HUMAN,PTPN11_N,N,6 - 81,4OHD,A,6 - 81,Phophatases,PTPN11,HUMAN,6,81,Q06124,1,107,6,81,5,1,26,107
444,445,PTN11_HUMAN,PTPN11_N,N,6 - 81,4OHE,A,6 - 81,Phophatases,PTPN11,HUMAN,6,81,Q06124,1,107,6,81,5,1,26,107
445,446,PTN11_HUMAN,PTPN11_N,N,6 - 81,4OHH,A,6 - 81,Phophatases,PTPN11,HUMAN,6,81,Q06124,1,107,6,81,5,1,26,107
446,447,PTN11_HUMAN,PTPN11_N,N,6 - 81,4OHI,A,6 - 81,Phophatases,PTPN11,HUMAN,6,81,Q06124,1,107,6,81,5,1,26,107
447,448,PTN11_HUMAN,PTPN11_N,N,6 - 81,4OHL,A,6 - 81,Phophatases,PTPN11,HUMAN,6,81,Q06124,1,107,6,81,5,1,26,107
448,449,PTN11_HUMAN,PTPN11_N,N,6 - 81,4OHL,B,6 - 81,Phophatases,PTPN11,HUMAN,6,81,Q06124,1,107,6,81,5,1,26,107
449,450,PTN11_HUMAN,PTPN11_N,N,6 - 81,4QSY,A,6 - 81,Phophatases,PTPN11,HUMAN,6,81,Q06124,1,107,6,81,5,1,26,107
450,451,PTN11_HUMAN,PTPN11_N,N,6 - 81,5DF6,A,6 - 81,Phophatases,PTPN11,HUMAN,6,81,Q06124,1,107,6,81,5,1,26,107
451,452,PTN11_HUMAN,PTPN11_N,N,6 - 81,5EHP,A,6 - 81,Phophatases,PTPN11,HUMAN,6,81,Q06124,1,107,6,81,5,1,26,107
452,453,PTN11_HUMAN,PTPN11_N,N,6 - 81,5EHP,B,6 - 81,Phophatases,PTPN11,HUMAN,6,81,Q06124,1,107,6,81,5,1,26,107
453,454,PTN11_HUMAN,PTPN11_N,N,6 - 81,5EHR,A,6 - 81,Phophatases,PTPN11,HUMAN,6,81,Q06124,1,107,6,81,5,1,26,107
454,455,PTN11_HUMAN,PTPN11_N,N,6 - 81,5EHR,B,6 - 81,Phophatases,PTPN11,HUMAN,6,81,Q06124,1,107,6,81,5,1,26,107
455,456,PTN11_HUMAN,PTPN11_N,N,6 - 81,5I6V,A,6 - 81,Phophatases,PTPN11,HUMAN,6,81,Q06124,1,107,6,81,5,1,26,107
456,457,PTN11_HUMAN,PTPN11_N,N,6 - 81,5I6V,B,6 - 81,Phophatases,PTPN11,HUMAN,6,81,Q06124,1,107,6,81,5,1,26,107
457,458,PTN11_HUMAN,PTPN11_N,N,6 - 81,5IBM,A,6 - 81,Phophatases,PTPN11,HUMAN,6,81,Q06124,1,107,6,81,5,1,26,107
458,459,PTN11_HUMAN,PTPN11_N,N,6 - 81,5IBM,B,6 - 81,Phophatases,PTPN11,HUMAN,6,81,Q06124,1,107,6,81,5,1,26,107
459,460,PTN11_HUMAN,PTPN11_N,N,6 - 81,5IBS,A,6 - 81,Phophatases,PTPN11,HUMAN,6,81,Q06124,1,107,6,81,5,1,26,107
460,461,PTN11_HUMAN,PTPN11_N,N,6 - 81,5IBS,B,6 - 81,Phophatases,PTPN11,HUMAN,6,81,Q06124,1,107,6,81,5,1,26,107
461,462,PTN11_HUMAN,PTPN11_N,N,6 - 81,5X7B,A,6 - 81,Phophatases,PTPN11,HUMAN,6,81,Q06124,1,107,6,81,5,1,26,107
462,463,PTN11_HUMAN,PTPN11_N,N,6 - 81,5X94,A,6 - 81,Phophatases,PTPN11,HUMAN,6,81,Q06124,1,107,6,81,5,1,26,107
463,464,PTN11_HUMAN,PTPN11_N,N,6 - 81,5X94,B,6 - 81,Phophatases,PTPN11,HUMAN,6,81,Q06124,1,107,6,81,5,1,26,107
464,465,PTN11_HUMAN,PTPN11_N,N,6 - 81,5XZR,A,6 - 81,Phophatases,PTPN11,HUMAN,6,81,Q06124,1,107,6,81,5,1,26,107
465,466,PTN11_HUMAN,PTPN11_N,N,6 - 81,6ATD,A,6 - 81,Phophatases,PTPN11,HUMAN,6,81,Q06124,1,107,6,81,5,1,26,107
466,467,PTN11_HUMAN,PTPN11_N,N,6 - 81,6ATD,B,6 - 81,Phophatases,PTPN11,HUMAN,6,81,Q06124,1,107,6,81,5,1,26,107
467,468,PTN11_HUMAN,PTPN11_N,N,6 - 81,6BMR,A,6 - 81,Phophatases,PTPN11,HUMAN,6,81,Q06124,1,107,6,81,5,1,26,107
468,469,PTN11_HUMAN,PTPN11_N,N,6 - 81,6BMR,B,6 - 81,Phophatases,PTPN11,HUMAN,6,81,Q06124,1,107,6,81,5,1,26,107
469,470,PTN11_HUMAN,PTPN11_N,N,6 - 81,6BMU,A,6 - 81,Phophatases,PTPN11,HUMAN,6,81,Q06124,1,107,6,81,5,1,26,107
470,471,PTN11_HUMAN,PTPN11_N,N,6 - 81,6BMU,B,6 - 81,Phophatases,PTPN11,HUMAN,6,81,Q06124,1,107,6,81,5,1,26,107
471,472,PTN11_HUMAN,PTPN11_N,N,6 - 81,6BMV,A,6 - 81,Phophatases,PTPN11,HUMAN,6,81,Q06124,1,107,6,81,5,1,26,107
472,473,PTN11_HUMAN,PTPN11_N,N,6 - 81,6BMV,B,6 - 81,Phophatases,PTPN11,HUMAN,6,81,Q06124,1,107,6,81,5,1,26,107
473,474,PTN11_HUMAN,PTPN11_N,N,6 - 81,6BMW,A,6 - 81,Phophatases,PTPN11,HUMAN,6,81,Q06124,1,107,6,81,5,1,26,107
474,475,PTN11_HUMAN,PTPN11_N,N,6 - 81,6BMW,B,6 - 81,Phophatases,PTPN11,HUMAN,6,81,Q06124,1,107,6,81,5,1,26,107
475,476,PTN11_HUMAN,PTPN11_N,N,6 - 81,6BMX,A,6 - 81,Phophatases,PTPN11,HUMAN,6,81,Q06124,1,107,6,81,5,1,26,107
476,477,PTN11_HUMAN,PTPN11_N,N,6 - 81,6BMX,B,6 - 81,Phophatases,PTPN11,HUMAN,6,81,Q06124,1,107,6,81,5,1,26,107
477,478,PTN11_HUMAN,PTPN11_N,N,6 - 81,6BMY,A,6 - 81,Phophatases,PTPN11,HUMAN,6,81,Q06124,1,107,6,81,5,1,26,107
478,479,PTN11_HUMAN,PTPN11_N,N,6 - 81,6BMY,B,6 - 81,Phophatases,PTPN11,HUMAN,6,81,Q06124,1,107,6,81,5,1,26,107
479,480,PTN11_HUMAN,PTPN11_N,N,6 - 81,6BN5,A,6 - 81,Phophatases,PTPN11,HUMAN,6,81,Q06124,1,107,6,81,5,1,26,107
480,481,PTN11_HUMAN,PTPN11_N,N,6 - 81,6BN5,B,6 - 81,Phophatases,PTPN11,HUMAN,6,81,Q06124,1,107,6,81,5,1,26,107
481,482,PTN11_HUMAN,PTPN11_N,N,6 - 81,6CMP,A,6 - 81,Phophatases,PTPN11,HUMAN,6,81,Q06124,1,107,6,81,5,1,26,107
482,483,PTN11_HUMAN,PTPN11_N,N,6 - 81,6CMP,B,6 - 81,Phophatases,PTPN11,HUMAN,6,81,Q06124,1,107,6,81,5,1,26,107
483,484,PTN11_HUMAN,PTPN11_N,N,6 - 81,6CMR,A,6 - 81,Phophatases,PTPN11,HUMAN,6,81,Q06124,1,107,6,81,5,1,26,107
484,485,PTN11_HUMAN,PTPN11_N,N,6 - 81,6CMS,A,6 - 81,Phophatases,PTPN11,HUMAN,6,81,Q06124,1,107,6,81,5,1,26,107
485,486,PTN11_HUMAN,PTPN11_N,N,6 - 81,6CRF,A,6 - 81,Phophatases,PTPN11,HUMAN,6,81,Q06124,1,107,6,81,5,1,26,107
486,487,PTN11_HUMAN,PTPN11_N,N,6 - 81,6CRF,B,6 - 81,Phophatases,PTPN11,HUMAN,6,81,Q06124,1,107,6,81,5,1,26,107
487,488,PTN11_HUMAN,PTPN11_N,N,6 - 81,6CRG,A,6 - 81,Phophatases,PTPN11,HUMAN,6,81,Q06124,1,107,6,81,5,1,26,107
488,489,PTN11_HUMAN,PTPN11_N,N,6 - 81,6CRG,B,6 - 81,Phophatases,PTPN11,HUMAN,6,81,Q06124,1,107,6,81,5,1,26,107
489,490,PTN11_HUMAN,PTPN11_N,N,6 - 81,6IHZ,A,6 - 81,Phophatases,PTPN11,HUMAN,6,81,Q06124,1,107,6,81,5,1,26,107
490,491,PTN11_HUMAN,PTPN11_N,N,6 - 81,6IHZ,B,6 - 81,Phophatases,PTPN11,HUMAN,6,81,Q06124,1,107,6,81,5,1,26,107
491,492,PTN11_HUMAN,PTPN11_N,N,6 - 81,6MD7,A,6 - 81,Phophatases,PTPN11,HUMAN,6,81,Q06124,1,107,6,81,5,1,26,107
492,493,PTN11_HUMAN,PTPN11_N,N,6 - 81,6MD7,B,6 - 81,Phophatases,PTPN11,HUMAN,6,81,Q06124,1,107,6,81,5,1,26,107
493,494,PTN11_HUMAN,PTPN11_N,N,6 - 81,6MD9,A,6 - 81,Phophatases,PTPN11,HUMAN,6,81,Q06124,1,107,6,81,5,1,26,107
494,495,PTN11_HUMAN,PTPN11_N,N,6 - 81,6MD9,B,6 - 81,Phophatases,PTPN11,HUMAN,6,81,Q06124,1,107,6,81,5,1,26,107
495,496,PTN11_HUMAN,PTPN11_N,N,6 - 81,6MDA,A,6 - 81,Phophatases,PTPN11,HUMAN,6,81,Q06124,1,107,6,81,5,1,26,107
496,497,PTN11_HUMAN,PTPN11_N,N,6 - 81,6MDA,B,6 - 81,Phophatases,PTPN11,HUMAN,6,81,Q06124,1,107,6,81,5,1,26,107
497,498,PTN11_HUMAN,PTPN11_N,N,6 - 81,6MDB,A,6 - 81,Phophatases,PTPN11,HUMAN,6,81,Q06124,1,107,6,81,5,1,26,107
498,499,PTN11_HUMAN,PTPN11_N,N,6 - 81,6MDB,B,6 - 81,Phophatases,PTPN11,HUMAN,6,81,Q06124,1,107,6,81,5,1,26,107
499,500,PTN11_HUMAN,PTPN11_N,N,6 - 81,6MDC,A,6 - 81,Phophatases,PTPN11,HUMAN,6,81,Q06124,1,107,6,81,5,1,26,107
500,501,PTN11_HUMAN,PTPN11_N,N,6 - 81,6MDC,B,6 - 81,Phophatases,PTPN11,HUMAN,6,81,Q06124,1,107,6,81,5,1,26,107
501,502,PTN11_HUMAN,PTPN11_N,N,6 - 81,6MDD,A,6 - 81,Phophatases,PTPN11,HUMAN,6,81,Q06124,1,107,6,81,5,1,26,107
502,503,PTN11_HUMAN,PTPN11_N,N,6 - 81,6MDD,B,6 - 81,Phophatases,PTPN11,HUMAN,6,81,Q06124,1,107,6,81,5,1,26,107
503,504,PTN6_HUMAN,PTPN6_C,C,110 - 194,1X6C,A,8 - 92,Phophatases,PTPN6,HUMAN,8,92,P29350,88,220,110,194,22,0,26,118
504,505,PTN6_HUMAN,PTPN6_C,C,110 - 194,2B3O,A,110 - 194,Phophatases,PTPN6,HUMAN,110,194,P29350,88,220,110,194,22,88,26,220
505,506,PTN6_HUMAN,PTPN6_C,C,110 - 194,2RMX,A,8 - 92,Phophatases,PTPN6,HUMAN,8,92,P29350,88,220,110,194,22,0,26,118
506,507,PTN6_HUMAN,PTPN6_C,C,110 - 194,2YU7,A,8 - 92,Phophatases,PTPN6,HUMAN,8,92,P29350,88,220,110,194,22,0,26,118
507,508,PTN6_HUMAN,PTPN6_C,C,110 - 194,3PS5,A,110 - 194,Phophatases,PTPN6,HUMAN,110,194,P29350,88,220,110,194,22,88,26,220
508,509,PTN6_HUMAN,PTPN6_N,N,4 - 79,2B3O,A,4 - 79,Phophatases,PTPN6,HUMAN,4,79,P29350,1,105,4,79,3,1,26,105
509,510,PTN6_HUMAN,PTPN6_N,N,4 - 79,3PS5,A,4 - 79,Phophatases,PTPN6,HUMAN,4,79,P29350,1,105,4,79,3,1,26,105
510,511,RASA1_HUMAN,RASA1,C,351 - 426,2GSB,A,18 - 93,Small_GTPase_sig,RASA1,HUMAN,18,93,P20936,329,452,351,426,22,0,26,119
511,512,SH21A_HUMAN,SH2D1A,N,6 - 87,1D1Z,A,1006 - 1087,SigReg,SH2D1A,HUMAN,1006,1087,O60880,1,117,6,87,5,1001,30,1117
512,513,SH21A_HUMAN,SH2D1A,N,6 - 87,1D1Z,B,2006 - 2087,SigReg,SH2D1A,HUMAN,2006,2087,O60880,1,117,6,87,5,2001,30,2117
513,514,SH21A_HUMAN,SH2D1A,N,6 - 87,1D1Z,C,3006 - 3087,SigReg,SH2D1A,HUMAN,3006,3087,O60880,1,117,6,87,5,3001,30,3117
514,515,SH21A_HUMAN,SH2D1A,N,6 - 87,1D1Z,D,4006 - 4087,SigReg,SH2D1A,HUMAN,4006,4087,O60880,1,117,6,87,5,4001,30,4117
515,516,SH21A_HUMAN,SH2D1A,N,6 - 87,1D4T,A,6 - 87,SigReg,SH2D1A,HUMAN,6,87,O60880,1,117,6,87,5,1,30,117
516,517,SH21A_HUMAN,SH2D1A,N,6 - 87,1D4W,A,6 - 87,SigReg,SH2D1A,HUMAN,6,87,O60880,1,117,6,87,5,1,30,117
517,518,SH21A_HUMAN,SH2D1A,N,6 - 87,1D4W,B,6 - 87,SigReg,SH2D1A,HUMAN,6,87,O60880,1,117,6,87,5,1,30,117
518,519,SH21A_HUMAN,SH2D1A,N,6 - 87,1KA6,A,6 - 87,SigReg,SH2D1A,HUMAN,6,87,O60880,1,117,6,87,5,1,30,117
519,520,SH21A_HUMAN,SH2D1A,N,6 - 87,1KA7,A,6 - 87,SigReg,SH2D1A,HUMAN,6,87,O60880,1,117,6,87,5,1,30,117
520,521,SH21A_HUMAN,SH2D1A,N,6 - 87,1M27,A,6 - 87,SigReg,SH2D1A,HUMAN,6,87,O60880,1,117,6,87,5,1,30,117
521,522,SH21B_HUMAN,SH2D1B,N,5 - 86,5KAZ,A,5 - 86,SigReg,SH2D1B,HUMAN,5,86,O14796,1,118,5,86,4,1,32,118
522,523,SH2B1_HUMAN,SH2B1,C,527 - 604,5W3R,A,527 - 604,SigReg,SH2B1,HUMAN,527,604,Q9NRF2,505,630,527,604,22,505,26,630
523,524,SHC1_HUMAN,SHC1,C,488 - 559,1MIL,A,9 - 80,Scaffolds,SHC1,HUMAN,9,80,P29353,466,583,488,559,22,0,24,104
524,525,SHC1_HUMAN,SHC1,C,488 - 559,1TCE,A,9 - 80,Scaffolds,SHC1,HUMAN,9,80,P29353,466,583,488,559,22,0,24,104
525,526,SHIP1_HUMAN,INPP5D,N,5 - 86,2YSX,A,12 - 93,PhosLip_second_mess,INPP5D,HUMAN,12,93,Q92835,1,110,5,86,4,8,24,117
526,527,SHIP2_HUMAN,INPPL1,N,21 - 102,2MK2,A,13 - 94,PhosLip_second_mess,INPPL1,HUMAN,13,94,O15357,1,128,21,102,20,0,26,120
527,528,SLAP2_HUMAN,SLA2,N,94 - 176,4M4Z,A,94 - 176,Adaptors,SLA2,HUMAN,94,176,Q9H6Q3,79,202,94,176,15,79,26,202
528,529,SOCS2_HUMAN,SOCS2,N,48 - 129,2C9W,A,48 - 129,SigReg,SOCS2,HUMAN,48,129,O14508,26,155,48,129,22,26,26,155
529,530,SOCS2_HUMAN,SOCS2,N,48 - 129,4JGH,A,48 - 129,SigReg,SOCS2,HUMAN,48,129,O14508,26,155,48,129,22,26,26,155
530,531,SOCS2_HUMAN,SOCS2,N,48 - 129,5BO4,A,48 - 129,SigReg,SOCS2,HUMAN,48,129,O14508,26,155,48,129,22,26,26,155
531,532,SOCS2_HUMAN,SOCS2,N,48 - 129,5BO4,D,48 - 129,SigReg,SOCS2,HUMAN,48,129,O14508,26,155,48,129,22,26,26,155
532,533,SOCS2_HUMAN,SOCS2,N,48 - 129,5BO4,G,48 - 129,SigReg,SOCS2,HUMAN,48,129,O14508,26,155,48,129,22,26,26,155
533,534,SOCS2_HUMAN,SOCS2,N,48 - 129,5BO4,J,48 - 129,SigReg,SOCS2,HUMAN,48,129,O14508,26,155,48,129,22,26,26,155
534,535,SOCS2_HUMAN,SOCS2,N,48 - 129,5BO4,M,48 - 129,SigReg,SOCS2,HUMAN,48,129,O14508,26,155,48,129,22,26,26,155
535,536,SOCS2_HUMAN,SOCS2,N,48 - 129,5BO4,P,48 - 129,SigReg,SOCS2,HUMAN,48,129,O14508,26,155,48,129,22,26,26,155
536,537,SOCS2_HUMAN,SOCS2,N,48 - 129,6I4X,A,48 - 129,SigReg,SOCS2,HUMAN,48,129,O14508,26,155,48,129,22,26,26,155
537,538,SOCS2_HUMAN,SOCS2,N,48 - 129,6I5J,A,48 - 129,SigReg,SOCS2,HUMAN,48,129,O14508,26,155,48,129,22,26,26,155
538,539,SOCS2_HUMAN,SOCS2,N,48 - 129,6I5J,D,48 - 129,SigReg,SOCS2,HUMAN,48,129,O14508,26,155,48,129,22,26,26,155
539,540,SOCS2_HUMAN,SOCS2,N,48 - 129,6I5N,A,48 - 129,SigReg,SOCS2,HUMAN,48,129,O14508,26,155,48,129,22,26,26,155
540,541,SOCS2_HUMAN,SOCS2,N,48 - 129,6I5N,D,48 - 129,SigReg,SOCS2,HUMAN,48,129,O14508,26,155,48,129,22,26,26,155
541,542,SOCS4_HUMAN,SOCS4,N,286 - 364,2IZV,A,286 - 364,SigReg,SOCS4,HUMAN,286,364,Q8WXH5,264,390,286,364,22,264,26,390
542,543,SOCS6_HUMAN,SOCS6,C,384 - 461,2VIF,A,384 - 461,SigReg,SOCS6,HUMAN,384,461,O14544,362,487,384,461,22,362,26,487
543,544,SRC_HUMAN,SRC,N,151 - 233,1A07,A,151 - 233,Kinases,SRC,HUMAN,151,233,P12931,129,259,151,233,22,129,26,259
544,545,SRC_HUMAN,SRC,N,151 - 233,1A07,B,151 - 233,Kinases,SRC,HUMAN,151,233,P12931,129,259,151,233,22,129,26,259
545,546,SRC_HUMAN,SRC,N,151 - 233,1A08,A,151 - 233,Kinases,SRC,HUMAN,151,233,P12931,129,259,151,233,22,129,26,259
546,547,SRC_HUMAN,SRC,N,151 - 233,1A08,B,151 - 233,Kinases,SRC,HUMAN,151,233,P12931,129,259,151,233,22,129,26,259
547,548,SRC_HUMAN,SRC,N,151 - 233,1A09,A,151 - 233,Kinases,SRC,HUMAN,151,233,P12931,129,259,151,233,22,129,26,259
548,549,SRC_HUMAN,SRC,N,151 - 233,1A09,B,151 - 233,Kinases,SRC,HUMAN,151,233,P12931,129,259,151,233,22,129,26,259
549,550,SRC_HUMAN,SRC,N,151 - 233,1A1A,A,151 - 233,Kinases,SRC,HUMAN,151,233,P12931,129,259,151,233,22,129,26,259
550,551,SRC_HUMAN,SRC,N,151 - 233,1A1A,B,151 - 233,Kinases,SRC,HUMAN,151,233,P12931,129,259,151,233,22,129,26,259
551,552,SRC_HUMAN,SRC,N,151 - 233,1A1B,A,151 - 233,Kinases,SRC,HUMAN,151,233,P12931,129,259,151,233,22,129,26,259
552,553,SRC_HUMAN,SRC,N,151 - 233,1A1B,B,151 - 233,Kinases,SRC,HUMAN,151,233,P12931,129,259,151,233,22,129,26,259
553,554,SRC_HUMAN,SRC,N,151 - 233,1A1C,A,151 - 233,Kinases,SRC,HUMAN,151,233,P12931,129,259,151,233,22,129,26,259
554,555,SRC_HUMAN,SRC,N,151 - 233,1A1C,B,151 - 233,Kinases,SRC,HUMAN,151,233,P12931,129,259,151,233,22,129,26,259
555,556,SRC_HUMAN,SRC,N,151 - 233,1A1E,A,151 - 233,Kinases,SRC,HUMAN,151,233,P12931,129,259,151,233,22,129,26,259
556,557,SRC_HUMAN,SRC,N,151 - 233,1A1E,B,151 - 233,Kinases,SRC,HUMAN,151,233,P12931,129,259,151,233,22,129,26,259
557,558,SRC_HUMAN,SRC,N,151 - 233,1FMK,A,148 - 230,Kinases,SRC,HUMAN,148,230,P12931,129,259,151,233,22,126,26,256
558,559,SRC_HUMAN,SRC,N,151 - 233,1HCS,B,148 - 230,Kinases,SRC,HUMAN,148,230,P12931,129,259,151,233,22,126,26,256
559,560,SRC_HUMAN,SRC,N,151 - 233,1HCT,B,148 - 230,Kinases,SRC,HUMAN,148,230,P12931,129,259,151,233,22,126,26,256
560,561,SRC_HUMAN,SRC,N,151 - 233,1KSW,A,148 - 230,Kinases,SRC,HUMAN,148,230,P12931,129,259,151,233,22,126,26,256
561,562,SRC_HUMAN,SRC,N,151 - 233,1O41,A,7 - 89,Kinases,SRC,HUMAN,7,89,P12931,129,259,151,233,22,0,26,115
562,563,SRC_HUMAN,SRC,N,151 - 233,1O42,A,7 - 89,Kinases,SRC,HUMAN,7,89,P12931,129,259,151,233,22,0,26,115
563,564,SRC_HUMAN,SRC,N,151 - 233,1O43,A,7 - 89,Kinases,SRC,HUMAN,7,89,P12931,129,259,151,233,22,0,26,115
564,565,SRC_HUMAN,SRC,N,151 - 233,1O44,A,7 - 89,Kinases,SRC,HUMAN,7,89,P12931,129,259,151,233,22,0,26,115
565,566,SRC_HUMAN,SRC,N,151 - 233,1O45,A,7 - 89,Kinases,SRC,HUMAN,7,89,P12931,129,259,151,233,22,0,26,115
566,567,SRC_HUMAN,SRC,N,151 - 233,1O46,A,7 - 89,Kinases,SRC,HUMAN,7,89,P12931,129,259,151,233,22,0,26,115
567,568,SRC_HUMAN,SRC,N,151 - 233,1O47,A,7 - 89,Kinases,SRC,HUMAN,7,89,P12931,129,259,151,233,22,0,26,115
568,569,SRC_HUMAN,SRC,N,151 - 233,1O48,A,7 - 89,Kinases,SRC,HUMAN,7,89,P12931,129,259,151,233,22,0,26,115
569,570,SRC_HUMAN,SRC,N,151 - 233,1O49,A,7 - 89,Kinases,SRC,HUMAN,7,89,P12931,129,259,151,233,22,0,26,115
570,571,SRC_HUMAN,SRC,N,151 - 233,1O4A,A,7 - 89,Kinases,SRC,HUMAN,7,89,P12931,129,259,151,233,22,0,26,115
571,572,SRC_HUMAN,SRC,N,151 - 233,1O4B,A,7 - 89,Kinases,SRC,HUMAN,7,89,P12931,129,259,151,233,22,0,26,115
572,573,SRC_HUMAN,SRC,N,151 - 233,1O4C,A,7 - 89,Kinases,SRC,HUMAN,7,89,P12931,129,259,151,233,22,0,26,115
573,574,SRC_HUMAN,SRC,N,151 - 233,1O4D,A,7 - 89,Kinases,SRC,HUMAN,7,89,P12931,129,259,151,233,22,0,26,115
574,575,SRC_HUMAN,SRC,N,151 - 233,1O4E,A,7 - 89,Kinases,SRC,HUMAN,7,89,P12931,129,259,151,233,22,0,26,115
575,576,SRC_HUMAN,SRC,N,151 - 233,1O4F,A,7 - 89,Kinases,SRC,HUMAN,7,89,P12931,129,259,151,233,22,0,26,115
576,577,SRC_HUMAN,SRC,N,151 - 233,1O4G,A,7 - 89,Kinases,SRC,HUMAN,7,89,P12931,129,259,151,233,22,0,26,115
577,578,SRC_HUMAN,SRC,N,151 - 233,1O4H,A,7 - 89,Kinases,SRC,HUMAN,7,89,P12931,129,259,151,233,22,0,26,115
578,579,SRC_HUMAN,SRC,N,151 - 233,1O4I,A,7 - 89,Kinases,SRC,HUMAN,7,89,P12931,129,259,151,233,22,0,26,115
579,580,SRC_HUMAN,SRC,N,151 - 233,1O4J,A,7 - 89,Kinases,SRC,HUMAN,7,89,P12931,129,259,151,233,22,0,26,115
580,581,SRC_HUMAN,SRC,N,151 - 233,1O4K,A,7 - 89,Kinases,SRC,HUMAN,7,89,P12931,129,259,151,233,22,0,26,115
581,582,SRC_HUMAN,SRC,N,151 - 233,1O4L,A,7 - 89,Kinases,SRC,HUMAN,7,89,P12931,129,259,151,233,22,0,26,115
582,583,SRC_HUMAN,SRC,N,151 - 233,1O4M,A,7 - 89,Kinases,SRC,HUMAN,7,89,P12931,129,259,151,233,22,0,26,115
583,584,SRC_HUMAN,SRC,N,151 - 233,1O4N,A,7 - 89,Kinases,SRC,HUMAN,7,89,P12931,129,259,151,233,22,0,26,115
584,585,SRC_HUMAN,SRC,N,151 - 233,1O4O,A,7 - 89,Kinases,SRC,HUMAN,7,89,P12931,129,259,151,233,22,0,26,115
585,586,SRC_HUMAN,SRC,N,151 - 233,1O4P,A,7 - 89,Kinases,SRC,HUMAN,7,89,P12931,129,259,151,233,22,0,26,115
586,587,SRC_HUMAN,SRC,N,151 - 233,1O4Q,A,7 - 89,Kinases,SRC,HUMAN,7,89,P12931,129,259,151,233,22,0,26,115
587,588,SRC_HUMAN,SRC,N,151 - 233,1O4R,A,7 - 89,Kinases,SRC,HUMAN,7,89,P12931,129,259,151,233,22,0,26,115
588,589,SRC_HUMAN,SRC,N,151 - 233,1SHD,A,151 - 233,Kinases,SRC,HUMAN,151,233,P12931,129,259,151,233,22,129,26,259
589,590,SRC_HUMAN,SRC,N,151 - 233,1Y57,A,148 - 230,Kinases,SRC,HUMAN,148,230,P12931,129,259,151,233,22,126,26,256
590,591,SRC_HUMAN,SRC,N,151 - 233,2H8H,A,148 - 230,Kinases,SRC,HUMAN,148,230,P12931,129,259,151,233,22,126,26,256
591,592,SRC_HUMAN,SRC,N,151 - 233,2SRC,A,148 - 230,Kinases,SRC,HUMAN,148,230,P12931,129,259,151,233,22,126,26,256
592,593,SRC_HUMAN,SRC,N,151 - 233,4F59,A,151 - 233,Kinases,SRC,HUMAN,151,233,P12931,129,259,151,233,22,129,26,259
593,594,SRC_HUMAN,SRC,N,151 - 233,4F5A,A,151 - 233,Kinases,SRC,HUMAN,151,233,P12931,129,259,151,233,22,129,26,259
594,595,SRC_HUMAN,SRC,N,151 - 233,4F5B,A,151 - 233,Kinases,SRC,HUMAN,151,233,P12931,129,259,151,233,22,129,26,259
595,596,SRC_HUMAN,SRC,N,151 - 233,4K11,A,148 - 230,Kinases,SRC,HUMAN,148,230,P12931,129,259,151,233,22,126,26,256
596,597,STAT5B_HUMAN,STAT5B,C,589 - 670,6MBW,A,589 - 670,Transcription,STAT5B,HUMAN,589,670,P51692,565,725,589,670,24,565,55,725
597,598,STAT5B_HUMAN,STAT5B,C,589 - 670,6MBW,B,589 - 670,Transcription,STAT5B,HUMAN,589,670,P51692,565,725,589,670,24,565,55,725
598,599,STAT5B_HUMAN,STAT5B,C,589 - 670,6MBZ,A,589 - 670,Transcription,STAT5B,HUMAN,589,670,P51692,565,725,589,670,24,565,55,725
599,600,STAT5B_HUMAN,STAT5B,C,589 - 670,6MBZ,B,589 - 670,Transcription,STAT5B,HUMAN,589,670,P51692,565,725,589,670,24,565,55,725
600,601,STAP1_HUMAN,STAP1,N,179 - 256,3MAZ,A,179 - 256,Transcription,STAP1,HUMAN,179,256,Q9ULZ2,155,282,179,256,24,155,26,282
601,602,STAT1_HUMAN,STAT1,C,573 - 657,1BF5,A,573 - 657,Transcription,STAT1,HUMAN,573,657,P42224,555,707,573,657,18,555,50,707
602,603,STAT1_HUMAN,STAT1,C,573 - 657,1YVL,A,573 - 657,Transcription,STAT1,HUMAN,573,657,P42224,555,707,573,657,18,555,50,707
603,604,STAT1_HUMAN,STAT1,C,573 - 657,1YVL,B,1573 - 1657,Transcription,STAT1,HUMAN,1573,1657,P42224,555,707,573,657,18,1555,50,1707
604,605,STAT3_HUMAN,STAT3,C,584 - 674,6QHD,A,584 - 674,Transcription,STAT3,HUMAN,584,674,P40763,560,678,584,674,24,560,4,678
605,606,STAT3_HUMAN,STAT3,C,584 - 674,6QHD,B,584 - 674,Transcription,STAT3,HUMAN,584,674,P40763,560,678,584,674,24,560,4,678
606,607,STAT6_HUMAN,STAT6,C,537 - 616,4Y5U,A,537 - 616,Transcription,STAT6,HUMAN,537,616,P42226,520,641,537,616,17,520,25,641
607,608,STAT6_HUMAN,STAT6,C,537 - 616,4Y5U,B,537 - 616,Transcription,STAT6,HUMAN,537,616,P42226,520,641,537,616,17,520,25,641
608,609,STAT6_HUMAN,STAT6,C,537 - 616,4Y5W,A,537 - 616,Transcription,STAT6,HUMAN,537,616,P42226,520,641,537,616,17,520,25,641
609,610,STAT6_HUMAN,STAT6,C,537 - 616,4Y5W,B,537 - 616,Transcription,STAT6,HUMAN,537,616,P42226,520,641,537,616,17,520,25,641
610,611,STAT6_HUMAN,STAT6,C,537 - 616,4Y5W,C,537 - 616,Transcription,STAT6,HUMAN,537,616,P42226,520,641,537,616,17,520,25,641
611,612,STAT6_HUMAN,STAT6,C,537 - 616,4Y5W,D,537 - 616,Transcription,STAT6,HUMAN,537,616,P42226,520,641,537,616,17,520,25,641
612,613,STAT6_HUMAN,STAT6,C,537 - 616,5D39,A,537 - 616,Transcription,STAT6,HUMAN,537,616,P42226,520,641,537,616,17,520,25,641
613,614,STAT6_HUMAN,STAT6,C,537 - 616,5D39,B,537 - 616,Transcription,STAT6,HUMAN,537,616,P42226,520,641,537,616,17,520,25,641
614,615,STAT6_HUMAN,STAT6,C,537 - 616,5D39,C,537 - 616,Transcription,STAT6,HUMAN,537,616,P42226,520,641,537,616,17,520,25,641
615,616,STAT6_HUMAN,STAT6,C,537 - 616,5D39,D,537 - 616,Transcription,STAT6,HUMAN,537,616,P42226,520,641,537,616,17,520,25,641
616,617,TNS2_HUMAN,TNS2,C,1140 - 1232,2KNO,A,22 - 114,Cytoskeletal_reg,TNS2,HUMAN,22,114,Q63HR2,1118,1258,1140,1232,22,0,26,140
617,618,TNS2_HUMAN,TNS2,C,1140 - 1232,2L6K,A,7 - 99,Cytoskeletal_reg,TNS2,HUMAN,7,99,Q63HR2,1118,1258,1140,1232,22,0,26,125
618,619,TXK_HUMAN,TXK,N,150 - 231,2DM0,A,18 - 99,Kinases,TXK,HUMAN,18,99,P42681,128,257,150,231,22,0,26,125
619,620,VAV2_HUMAN,VAV2,C,673 - 747,2DLZ,A,18 - 92,Small_GTPase_sig,VAV2,HUMAN,18,92,P52735,651,773,673,747,22,0,26,118
620,621,VAV2_HUMAN,VAV2,C,673 - 747,2LNW,A,673 - 747,Small_GTPase_sig,VAV2,HUMAN,673,747,P52735,651,773,673,747,22,651,26,773
621,622,VAV2_HUMAN,VAV2,C,673 - 747,2LNX,A,673 - 747,Small_GTPase_sig,VAV2,HUMAN,673,747,P52735,651,773,673,747,22,651,26,773
622,623,VAV2_HUMAN,VAV2,C,673 - 747,4ROJ,A,673 - 747,Small_GTPase_sig,VAV2,HUMAN,673,747,P52735,651,773,673,747,22,651,26,773
623,624,VAV2_HUMAN,VAV2,C,673 - 747,4ROJ,B,673 - 747,Small_GTPase_sig,VAV2,HUMAN,673,747,P52735,651,773,673,747,22,651,26,773
624,625,VAV2_HUMAN,VAV2,C,673 - 747,4ROJ,C,673 - 747,Small_GTPase_sig,VAV2,HUMAN,673,747,P52735,651,773,673,747,22,651,26,773
625,626,VAV_HUMAN,VAV1,C,671 - 745,2CRH,A,28 - 102,Small_GTPase_sig,VAV1,HUMAN,28,102,P15498,649,771,671,745,22,6,26,128
626,627,VAV_HUMAN,VAV1,C,672 - 745,2LCT,A,671 - 745,Small_GTPase_sig,VAV1,HUMAN,671,745,P15498,649,771,672,745,23,648,26,771
627,628,VAV_HUMAN,VAV1,C,673 - 745,2MC1,A,671 - 745,Small_GTPase_sig,VAV1,HUMAN,671,745,P15498,649,771,673,745,24,647,26,771
628,629,VAV_HUMAN,VAV1,C,674 - 745,2ROR,A,28 - 102,Small_GTPase_sig,VAV1,HUMAN,28,102,P15498,649,771,674,745,25,3,26,128
629,630,ZAP70_HUMAN,ZAP70_N,N,10 - 87,1M61,A,10 - 87,Kinases,ZAP70,HUMAN,10,87,P43403,1,113,10,87,9,1,26,113
630,631,ZAP70_HUMAN,ZAP70_N,N,11 - 87,2OQ1,A,12 - 89,Kinases,ZAP70,HUMAN,12,89,P43403,1,113,11,87,10,2,26,115
631,632,ZAP70_HUMAN,ZAP70_N,N,12 - 87,2OZO,A,10 - 87,Kinases,ZAP70,HUMAN,10,87,P43403,1,113,12,87,11,0,26,113
632,633,ZAP70_HUMAN,ZAP70_N,N,13 - 87,4K2R,A,10 - 87,Kinases,ZAP70,HUMAN,10,87,P43403,1,113,13,87,12,0,26,113
633,634,ZAP70_HUMAN,ZAP70_N,N,14 - 87,4XZ0,A,10 - 87,Kinases,ZAP70,HUMAN,10,87,P43403,1,113,14,87,13,0,26,113
634,635,ZAP70_HUMAN,ZAP70_N,N,15 - 87,4XZ1,A,10 - 87,Kinases,ZAP70,HUMAN,10,87,P43403,0,113,15,87,15,0,26,113
635,636,ZAP70_HUMAN,ZAP70_C,C,163 - 239,1M61,A,163 - 239,Kinases,ZAP70,HUMAN,163,239,P43403,148,265,163,239,15,148,26,265
636,637,ZAP70_HUMAN,ZAP70_C,C,164 - 239,2OQ1,A,165 - 241,Kinases,ZAP70,HUMAN,165,241,P43403,148,265,164,239,16,149,26,267
637,638,ZAP70_HUMAN,ZAP70_C,C,165 - 239,2OZO,A,163 - 239,Kinases,ZAP70,HUMAN,163,239,P43403,148,265,165,239,17,146,26,265
638,640,ZAP70_HUMAN,ZAP70_C,C,167 - 239,4XZ0,A,163 - 239,Kinases,ZAP70,HUMAN,163,239,P43403,148,265,167,239,19,144,26,265
639,641,ZAP70_HUMAN,ZAP70_C,C,168 - 239,4XZ1,A,163 - 239,Kinases,ZAP70,HUMAN,163,239,P43403,148,265,168,239,20,143,26,265
