,UniProt entry,UniProt residues,PDB ID,PDB chain ID,PDB residues,Category,Gene name,Species,Res_start,Res_stop,Uniprot_ID
0,3BP2_HUMAN,458 - 538,2CR4,A,20 - 100,SigReg,SH3BP2,HUMAN,20,100,P78314
1,ABL1_HUMAN,127 - 202,1AB2,A,11 - 86,Kinases,ABL1,HUMAN,11,86,P00519
2,ABL1_HUMAN,127 - 202,1OPL,A,146 - 221,Kinases,ABL1,HUMAN,146,221,P00519
3,ABL1_HUMAN,127 – 202,1OPL,B,146 - 221,Kinases,ABL1,HUMAN,146,221,P00519
4,ABL1_HUMAN,127 – 202,2ABL,A,146 - 221,Kinases,ABL1,HUMAN,146,221,P00519
5,ABL1_HUMAN,127 – 202,2FO0,A,146 - 221,Kinases,ABL1,HUMAN,146,221,P00519
6,ABL1_HUMAN,127 – 202,3K2M,A,146 - 221,Kinases,ABL1,HUMAN,146,221,P00519
7,ABL1_HUMAN,127 – 202,3K2M,B,146 - 221,Kinases,ABL1,HUMAN,146,221,P00519
8,ABL1_HUMAN,127 – 202,3T04,A,146 - 221,Kinases,ABL1,HUMAN,146,221,P00519
9,ABL1_HUMAN,127 – 202,3UYO,A,146 - 221,Kinases,ABL1,HUMAN,146,221,P00519
10,ABL1_HUMAN,127 – 202,4XEY,B,146 - 221,Kinases,ABL1,HUMAN,146,221,P00519
11,ABL1_HUMAN,127 – 202,5DC0,B,146 - 221,Kinases,ABL1,HUMAN,146,221,P00519
12,ABL1_HUMAN,127 – 202,5DC4,A,146 - 221,Kinases,ABL1,HUMAN,146,221,P00519
13,ABL1_HUMAN,127 – 202,5DC9,A,146 - 221,Kinases,ABL1,HUMAN,146,221,P00519
14,ABL1_HUMAN,127 – 202,5MO4,A,146 - 221,Kinases,ABL1,HUMAN,146,221,P00519
15,ABL1_HUMAN,127 – 202,6AMV,A,146 - 221,Kinases,ABL1,HUMAN,146,221,P00519
16,ABL1_HUMAN,127 – 202,6AMW,A,146 - 221,Kinases,ABL1,HUMAN,146,221,P00519
17,ABL2_HUMAN,173 - 248,2ECD,A,18 - 93,Kinases,ABL2,HUMAN,18,93,P42684
18,ABL2_HUMAN,173 - 248,4EIH,A,173 - 248,Kinases,ABL2,HUMAN,173,248,P42684
19,BMX_HUMAN,296 - 377,2EKX,A,13 - 94,Kinases,BMX,HUMAN,13,94,P51813
20,BTK_HUMAN,281 - 362,2GE9,A,12 - 93,Kinases,BTK,HUMAN,12,93,Q06187
21,CHIN_HUMAN,50 - 119,3CXL,A,50 - 119,Small_GTPase_sig,CHN1,HUMAN,50,119,P15882
22,CHIO_HUMAN,60 - 129,1XA6,A,58 - 127,Small_GTPase_sig,CHN2,HUMAN,58,127,P52757
23,CRK_HUMAN,13 - 104,1JU5,A,13 - 104,Adaptors,CRK,HUMAN,13,104,P46108
24,CRK_HUMAN,13 - 104,2DVJ,A,13 - 104,Adaptors,CRK,HUMAN,13,104,P46108
25,CRK_HUMAN,13 - 104,2EYV,A,13 - 104,Adaptors,CRK,HUMAN,13,104,P46108
26,CRK_HUMAN,13 - 104,2EYY,A,13 - 104,Adaptors,CRK,HUMAN,13,104,P46108
27,CRK_HUMAN,13 - 104,2EYZ,A,13 - 104,Adaptors,CRK,HUMAN,13,104,P46108
28,CRKL_HUMAN,14 - 88,2EO3,A,21 - 95,Adaptors,CRKL,HUMAN,21,95,P46109
29,CRKL_HUMAN,15 - 88,2LQN,A,14 - 88,Adaptors,CRKL,HUMAN,14,88,P46109
30,CRKL_HUMAN,16 - 88,2LQW,A,14 - 88,Adaptors,CRKL,HUMAN,14,88,P46109
31,CSK_HUMAN,82 - 156,3EAC,A,82 - 156,Kinases,CSK,HUMAN,82,156,P41240
32,CSK_HUMAN,83 - 156,3EAZ,A,82 - 156,Kinases,CSK,HUMAN,82,156,P41240
33,FER_HUMAN,460 - 531,2KK6,A,19 - 90,Kinases,FER,HUMAN,19,90,P16591
34,FER_HUMAN,460 - 531,6KC4,A,460 - 531,Kinases,FER,HUMAN,460,531,P16591
35,FER_HUMAN,460 - 531,6KC4,C,460 - 531,Kinases,FER,HUMAN,460,531,P16591
36,FER_HUMAN,460 - 531,6KC4,E,460 - 531,Kinases,FER,HUMAN,460,531,P16591
37,FER_HUMAN,460 - 531,6KC4,G,460 - 531,Kinases,FER,HUMAN,460,531,P16591
38,FER_HUMAN,460 - 531,6KC4,I,460 - 531,Kinases,FER,HUMAN,460,531,P16591
39,FER_HUMAN,460 - 531,6KC4,K,460 - 531,Kinases,FER,HUMAN,460,531,P16591
40,FES_HUMAN,460 - 530,1WQU,A,18 - 88,Kinases,FES,HUMAN,18,88,P07332
41,FES_HUMAN,460 - 530,2DCR,A,18 - 88,Kinases,FES,HUMAN,18,88,P07332
42,FES_HUMAN,460 - 530,3BKB,A,460 - 530,Kinases,FES,HUMAN,460,530,P07332
43,FES_HUMAN,460 - 530,3CBL,A,460 - 530,Kinases,FES,HUMAN,460,530,P07332
44,FES_HUMAN,460 - 530,3CD3,A,460 - 530,Kinases,FES,HUMAN,460,530,P07332
45,FES_HUMAN,460 - 530,4E93,A,460 - 530,Kinases,FES,HUMAN,460,530,P07332
46,FES_HUMAN,460 - 530,6JMF,A,460 - 530,Kinases,FES,HUMAN,460,530,P07332
47,FYN_HUMAN,149 - 231,1AOT,F,7 - 89,Kinases,FYN,HUMAN,7,89,P06241
48,FYN_HUMAN,149 - 231,1AOU,F,7 - 89,Kinases,FYN,HUMAN,7,89,P06241
49,FYN_HUMAN,149 - 231,1G83,A,149 - 231,Kinases,FYN,HUMAN,149,231,P06241
50,FYN_HUMAN,149 - 231,1G83,B,149 - 231,Kinases,FYN,HUMAN,149,231,P06241
51,FYN_HUMAN,149 - 231,2MQI,A,149 - 231,Kinases,FYN,HUMAN,149,231,P06241
52,FYN_HUMAN,149 - 231,2MRJ,A,149 - 231,Kinases,FYN,HUMAN,149,231,P06241
53,FYN_HUMAN,149 - 231,2MRK,A,149 - 231,Kinases,FYN,HUMAN,149,231,P06241
54,FYN_HUMAN,149 - 231,4U17,A,13 - 95,Kinases,FYN,HUMAN,13,95,P06241
55,FYN_HUMAN,149 - 231,4U17,B,13 - 95,Kinases,FYN,HUMAN,13,95,P06241
56,FYN_HUMAN,149 - 231,4U17,C,13 - 95,Kinases,FYN,HUMAN,13,95,P06241
57,FYN_HUMAN,149 - 231,4U1P,A,23 - 105,Kinases,FYN,HUMAN,23,105,P06241
58,GRAP2_HUMAN,58 - 132,5GJH,A,58 - 132,Adaptors,GRAP2,HUMAN,58,132,O75791
59,GRAP2_HUMAN,58 - 132,5GJH,C,58 - 132,Adaptors,GRAP2,HUMAN,58,132,O75791
60,GRB10_HUMAN,493 - 574,1NRV,A,435 - 516,SigReg,GRB10,HUMAN,435,516,Q13322
61,GRB10_HUMAN,493 - 574,1NRV,B,435 - 516,SigReg,GRB10,HUMAN,435,516,Q13322
62,GRB14_HUMAN,439 - 520,2AUG,A,439 - 520,SigReg,GRB14,HUMAN,439,520,Q14449
63,GRB14_HUMAN,439 - 520,2AUG,B,439 - 520,SigReg,GRB14,HUMAN,439,520,Q14449
64,GRB2_HUMAN,60 - 135,1BM2,A,60 - 135,Adaptors,GRB2,HUMAN,60,135,P62993
65,GRB2_HUMAN,60 - 135,1BMB,A,60 - 135,Adaptors,GRB2,HUMAN,60,135,P62993
66,GRB2_HUMAN,60 - 135,1CJ1,A,60 - 135,Adaptors,GRB2,HUMAN,60,135,P62993
67,GRB2_HUMAN,60 - 135,1CJ1,B,60 - 135,Adaptors,GRB2,HUMAN,60,135,P62993
68,GRB2_HUMAN,60 - 135,1CJ1,C,60 - 135,Adaptors,GRB2,HUMAN,60,135,P62993
69,GRB2_HUMAN,60 - 135,1CJ1,D,60 - 135,Adaptors,GRB2,HUMAN,60,135,P62993
70,GRB2_HUMAN,60 - 135,1CJ1,E,60 - 135,Adaptors,GRB2,HUMAN,60,135,P62993
71,GRB2_HUMAN,60 - 135,1CJ1,F,60 - 135,Adaptors,GRB2,HUMAN,60,135,P62993
72,GRB2_HUMAN,60 - 135,1CJ1,G,60 - 135,Adaptors,GRB2,HUMAN,60,135,P62993
73,GRB2_HUMAN,60 - 135,1CJ1,H,60 - 135,Adaptors,GRB2,HUMAN,60,135,P62993
74,GRB2_HUMAN,60 - 135,1CJ1,I,60 - 135,Adaptors,GRB2,HUMAN,60,135,P62993
75,GRB2_HUMAN,60 - 135,1CJ1,J,60 - 135,Adaptors,GRB2,HUMAN,60,135,P62993
76,GRB2_HUMAN,60 - 135,1CJ1,K,60 - 135,Adaptors,GRB2,HUMAN,60,135,P62993
77,GRB2_HUMAN,60 - 135,1CJ1,L,60 - 135,Adaptors,GRB2,HUMAN,60,135,P62993
78,GRB2_HUMAN,60 - 135,1FHS,A,9 - 84,Adaptors,GRB2,HUMAN,9,84,P62993
79,GRB2_HUMAN,60 - 135,1FYR,A,60 - 135,Adaptors,GRB2,HUMAN,60,135,P62993
80,GRB2_HUMAN,60 - 135,1FYR,B,60 - 135,Adaptors,GRB2,HUMAN,60,135,P62993
81,GRB2_HUMAN,60 - 135,1FYR,C,60 - 135,Adaptors,GRB2,HUMAN,60,135,P62993
82,GRB2_HUMAN,60 - 135,1FYR,D,60 - 135,Adaptors,GRB2,HUMAN,60,135,P62993
83,GRB2_HUMAN,60 - 135,1GHU,A,60 - 135,Adaptors,GRB2,HUMAN,60,135,P62993
84,GRB2_HUMAN,60 - 135,1GRI,A,60 - 135,Adaptors,GRB2,HUMAN,60,135,P62993
85,GRB2_HUMAN,60 - 135,1GRI,B,60 - 135,Adaptors,GRB2,HUMAN,60,135,P62993
86,GRB2_HUMAN,60 - 135,1JYQ,A,60 - 135,Adaptors,GRB2,HUMAN,60,135,P62993
87,GRB2_HUMAN,60 - 135,1JYQ,B,60 - 135,Adaptors,GRB2,HUMAN,60,135,P62993
88,GRB2_HUMAN,60 - 135,1JYR,A,60 - 135,Adaptors,GRB2,HUMAN,60,135,P62993
89,GRB2_HUMAN,60 - 135,1JYU,A,60 - 135,Adaptors,GRB2,HUMAN,60,135,P62993
90,GRB2_HUMAN,60 - 135,1QG1,E,5 - 80,Adaptors,GRB2,HUMAN,5,80,P62993
91,GRB2_HUMAN,60 - 135,1TZE,E,60 - 135,Adaptors,GRB2,HUMAN,60,135,P62993
92,GRB2_HUMAN,60 - 135,1X0N,A,60 - 135,Adaptors,GRB2,HUMAN,60,135,P62993
93,GRB2_HUMAN,60 - 135,1ZFP,E,60 - 135,Adaptors,GRB2,HUMAN,60,135,P62993
94,GRB2_HUMAN,60 - 135,2AOA,A,60 - 135,Adaptors,GRB2,HUMAN,60,135,P62993
95,GRB2_HUMAN,60 - 135,2AOB,A,60 - 135,Adaptors,GRB2,HUMAN,60,135,P62993
96,GRB2_HUMAN,60 - 135,2AOB,B,60 - 135,Adaptors,GRB2,HUMAN,60,135,P62993
97,GRB2_HUMAN,60 - 135,2AOB,C,60 - 135,Adaptors,GRB2,HUMAN,60,135,P62993
98,GRB2_HUMAN,60 - 135,2AOB,D,60 - 135,Adaptors,GRB2,HUMAN,60,135,P62993
99,GRB2_HUMAN,60 - 135,2H46,E,60 - 135,Adaptors,GRB2,HUMAN,60,135,P62993
100,GRB2_HUMAN,60 - 135,2H5K,A,60 - 135,Adaptors,GRB2,HUMAN,60,135,P62993
101,GRB2_HUMAN,60 - 135,2H5K,B,60 - 135,Adaptors,GRB2,HUMAN,60,135,P62993
102,GRB2_HUMAN,60 - 135,2HUW,A,60 - 135,Adaptors,GRB2,HUMAN,60,135,P62993
103,GRB2_HUMAN,60 - 135,2HUW,B,60 - 135,Adaptors,GRB2,HUMAN,60,135,P62993
104,GRB2_HUMAN,60 - 135,3C7I,A,60 - 135,Adaptors,GRB2,HUMAN,60,135,P62993
105,GRB2_HUMAN,60 - 135,3IMD,A,60 - 135,Adaptors,GRB2,HUMAN,60,135,P62993
106,GRB2_HUMAN,60 - 135,3IMD,B,60 - 135,Adaptors,GRB2,HUMAN,60,135,P62993
107,GRB2_HUMAN,60 - 135,3IMJ,A,60 - 135,Adaptors,GRB2,HUMAN,60,135,P62993
108,GRB2_HUMAN,60 - 135,3IMJ,B,60 - 135,Adaptors,GRB2,HUMAN,60,135,P62993
109,GRB2_HUMAN,60 - 135,3IN7,A,60 - 135,Adaptors,GRB2,HUMAN,60,135,P62993
110,GRB2_HUMAN,60 - 135,3IN7,C,60 - 135,Adaptors,GRB2,HUMAN,60,135,P62993
111,GRB2_HUMAN,60 - 135,3IN8,A,60 - 135,Adaptors,GRB2,HUMAN,60,135,P62993
112,GRB2_HUMAN,60 - 135,3KFJ,A,60 - 135,Adaptors,GRB2,HUMAN,60,135,P62993
113,GRB2_HUMAN,60 - 135,3MXC,A,60 - 135,Adaptors,GRB2,HUMAN,60,135,P62993
114,GRB2_HUMAN,60 - 135,3MXY,A,60 - 135,Adaptors,GRB2,HUMAN,60,135,P62993
115,GRB2_HUMAN,60 - 135,3N7Y,A,60 - 135,Adaptors,GRB2,HUMAN,60,135,P62993
116,GRB2_HUMAN,60 - 135,3N7Y,B,60 - 135,Adaptors,GRB2,HUMAN,60,135,P62993
117,GRB2_HUMAN,60 - 135,3N7Y,C,60 - 135,Adaptors,GRB2,HUMAN,60,135,P62993
118,GRB2_HUMAN,60 - 135,3N84,A,60 - 135,Adaptors,GRB2,HUMAN,60,135,P62993
119,GRB2_HUMAN,60 - 135,3N84,B,60 - 135,Adaptors,GRB2,HUMAN,60,135,P62993
120,GRB2_HUMAN,60 - 135,3N84,C,60 - 135,Adaptors,GRB2,HUMAN,60,135,P62993
121,GRB2_HUMAN,60 - 135,3N84,D,60 - 135,Adaptors,GRB2,HUMAN,60,135,P62993
122,GRB2_HUMAN,60 - 135,3N84,E,60 - 135,Adaptors,GRB2,HUMAN,60,135,P62993
123,GRB2_HUMAN,60 - 135,3N84,F,60 - 135,Adaptors,GRB2,HUMAN,60,135,P62993
124,GRB2_HUMAN,60 - 135,3N8M,A,60 - 135,Adaptors,GRB2,HUMAN,60,135,P62993
125,GRB2_HUMAN,60 - 135,3OV1,A,60 - 135,Adaptors,GRB2,HUMAN,60,135,P62993
126,GRB2_HUMAN,60 - 135,3OVE,A,60 - 135,Adaptors,GRB2,HUMAN,60,135,P62993
127,GRB2_HUMAN,60 - 135,3S8L,A,60 - 135,Adaptors,GRB2,HUMAN,60,135,P62993
128,GRB2_HUMAN,60 - 135,3S8N,A,60 - 135,Adaptors,GRB2,HUMAN,60,135,P62993
129,GRB2_HUMAN,60 - 135,3S8O,A,60 - 135,Adaptors,GRB2,HUMAN,60,135,P62993
130,GRB2_HUMAN,60 - 135,3WA4,A,60 - 135,Adaptors,GRB2,HUMAN,60,135,P62993
131,GRB2_HUMAN,60 - 135,4P9V,A,60 - 135,Adaptors,GRB2,HUMAN,60,135,P62993
132,GRB2_HUMAN,60 - 135,4P9Z,A,60 - 135,Adaptors,GRB2,HUMAN,60,135,P62993
133,GRB2_HUMAN,60 - 135,5CDW,A,8 - 83,Adaptors,GRB2,HUMAN,8,83,P62993
134,GRB2_HUMAN,60 - 135,5CDW,B,8 - 83,Adaptors,GRB2,HUMAN,8,83,P62993
135,GRB2_HUMAN,60 - 135,5CDW,C,8 - 83,Adaptors,GRB2,HUMAN,8,83,P62993
136,GRB2_HUMAN,60 - 135,5CDW,c,8 - 83,Adaptors,GRB2,HUMAN,8,83,P62993
137,GRB2_HUMAN,60 - 135,5CDW,d,8 - 83,Adaptors,GRB2,HUMAN,8,83,P62993
138,GRB2_HUMAN,60 - 135,5CDW,E,8 - 83,Adaptors,GRB2,HUMAN,8,83,P62993
139,GRB2_HUMAN,60 - 135,5CDW,G,8 - 83,Adaptors,GRB2,HUMAN,8,83,P62993
140,GRB2_HUMAN,60 - 135,5CDW,H,8 - 83,Adaptors,GRB2,HUMAN,8,83,P62993
141,GRB2_HUMAN,60 - 135,5CDW,K,8 - 83,Adaptors,GRB2,HUMAN,8,83,P62993
142,GRB2_HUMAN,60 - 135,5CDW,L,8 - 83,Adaptors,GRB2,HUMAN,8,83,P62993
143,GRB2_HUMAN,60 - 135,5CDW,O,8 - 83,Adaptors,GRB2,HUMAN,8,83,P62993
144,GRB2_HUMAN,60 - 135,5CDW,P,8 - 83,Adaptors,GRB2,HUMAN,8,83,P62993
145,GRB2_HUMAN,60 - 135,5CDW,U,8 - 83,Adaptors,GRB2,HUMAN,8,83,P62993
146,GRB2_HUMAN,60 - 135,5CDW,V,8 - 83,Adaptors,GRB2,HUMAN,8,83,P62993
147,GRB2_HUMAN,60 - 135,5CDW,Y,8 - 83,Adaptors,GRB2,HUMAN,8,83,P62993
148,GRB2_HUMAN,60 - 135,5CDW,Z,8 - 83,Adaptors,GRB2,HUMAN,8,83,P62993
149,GRB2_HUMAN,60 - 135,6ICG,A,60 - 135,Adaptors,GRB2,HUMAN,60,135,P62993
150,GRB2_HUMAN,60 - 135,6ICG,B,60 - 135,Adaptors,GRB2,HUMAN,60,135,P62993
151,GRB2_HUMAN,60 - 135,6ICH,A,60 - 135,Adaptors,GRB2,HUMAN,60,135,P62993
152,GRB2_HUMAN,68 - 135,2AOA,B,68 - 135,Adaptors,GRB2,HUMAN,68,135,P62993
153,GRB7_HUMAN,431 - 512,1MW4,A,19 - 100,SigReg,GRB7,HUMAN,19,100,Q14451
154,GRB7_HUMAN,431 - 512,2L4K,A,19 - 100,SigReg,GRB7,HUMAN,19,100,Q14451
155,GRB7_HUMAN,431 - 512,2QMS,A,431 - 512,SigReg,GRB7,HUMAN,431,512,Q14451
156,GRB7_HUMAN,431 - 512,2QMS,B,431 - 512,SigReg,GRB7,HUMAN,431,512,Q14451
157,GRB7_HUMAN,431 - 512,2QMS,C,431 - 512,SigReg,GRB7,HUMAN,431,512,Q14451
158,GRB7_HUMAN,431 - 512,2QMS,D,431 - 512,SigReg,GRB7,HUMAN,431,512,Q14451
159,GRB7_HUMAN,431 - 512,3PQZ,A,431 - 512,SigReg,GRB7,HUMAN,431,512,Q14451
160,GRB7_HUMAN,431 - 512,3PQZ,B,431 - 512,SigReg,GRB7,HUMAN,431,512,Q14451
161,GRB7_HUMAN,431 - 512,3PQZ,C,431 - 512,SigReg,GRB7,HUMAN,431,512,Q14451
162,GRB7_HUMAN,431 - 512,3PQZ,D,431 - 512,SigReg,GRB7,HUMAN,431,512,Q14451
163,GRB7_HUMAN,431 - 512,4WWQ,A,431 - 512,SigReg,GRB7,HUMAN,431,512,Q14451
164,GRB7_HUMAN,431 - 512,4WWQ,B,431 - 512,SigReg,GRB7,HUMAN,431,512,Q14451
165,GRB7_HUMAN,431 - 512,4X6S,A,431 - 512,SigReg,GRB7,HUMAN,431,512,Q14451
166,GRB7_HUMAN,431 - 512,4X6S,B,431 - 512,SigReg,GRB7,HUMAN,431,512,Q14451
167,GRB7_HUMAN,431 - 512,5D0J,A,431 - 512,SigReg,GRB7,HUMAN,431,512,Q14451
168,GRB7_HUMAN,431 - 512,5D0J,B,431 - 512,SigReg,GRB7,HUMAN,431,512,Q14451
169,GRB7_HUMAN,431 - 512,5D0J,C,431 - 512,SigReg,GRB7,HUMAN,431,512,Q14451
170,GRB7_HUMAN,431 - 512,5D0J,D,431 - 512,SigReg,GRB7,HUMAN,431,512,Q14451
171,GRB7_HUMAN,431 - 512,5EEL,A,431 - 512,SigReg,GRB7,HUMAN,431,512,Q14451
172,GRB7_HUMAN,431 - 512,5EEL,B,431 - 512,SigReg,GRB7,HUMAN,431,512,Q14451
173,GRB7_HUMAN,431 - 512,5EEL,C,431 - 512,SigReg,GRB7,HUMAN,431,512,Q14451
174,GRB7_HUMAN,431 - 512,5EEL,D,431 - 512,SigReg,GRB7,HUMAN,431,512,Q14451
175,GRB7_HUMAN,431 - 512,5EEL,E,431 - 512,SigReg,GRB7,HUMAN,431,512,Q14451
176,GRB7_HUMAN,431 - 512,5EEL,F,431 - 512,SigReg,GRB7,HUMAN,431,512,Q14451
177,GRB7_HUMAN,431 - 512,5EEQ,A,431 - 512,SigReg,GRB7,HUMAN,431,512,Q14451
178,GRB7_HUMAN,431 - 512,5EEQ,B,431 - 512,SigReg,GRB7,HUMAN,431,512,Q14451
179,GRB7_HUMAN,431 - 512,5TYI,A,431 - 512,SigReg,GRB7,HUMAN,431,512,Q14451
180,GRB7_HUMAN,431 - 512,5TYI,B,431 - 512,SigReg,GRB7,HUMAN,431,512,Q14451
181,GRB7_HUMAN,431 - 512,5TYI,C,431 - 512,SigReg,GRB7,HUMAN,431,512,Q14451
182,GRB7_HUMAN,431 - 512,5TYI,D,431 - 512,SigReg,GRB7,HUMAN,431,512,Q14451
183,GRB7_HUMAN,431 - 512,5U06,A,431 - 512,SigReg,GRB7,HUMAN,431,512,Q14451
184,GRB7_HUMAN,431 - 512,5U06,B,431 - 512,SigReg,GRB7,HUMAN,431,512,Q14451
185,GRB7_HUMAN,431 - 512,5U06,C,431 - 512,SigReg,GRB7,HUMAN,431,512,Q14451
186,GRB7_HUMAN,431 - 512,5U06,D,431 - 512,SigReg,GRB7,HUMAN,431,512,Q14451
187,GRB7_HUMAN,431 - 512,5U1Q,A,431 - 512,SigReg,GRB7,HUMAN,431,512,Q14451
188,GRB7_HUMAN,431 - 512,5U1Q,B,431 - 512,SigReg,GRB7,HUMAN,431,512,Q14451
189,GRB7_HUMAN,431 - 512,5U1Q,C,431 - 512,SigReg,GRB7,HUMAN,431,512,Q14451
190,GRB7_HUMAN,431 - 512,5U1Q,D,431 - 512,SigReg,GRB7,HUMAN,431,512,Q14451
191,HCK_HUMAN,144 - 226,1AD5,A,148 - 230,Kinases,HCK,HUMAN,148,230,P08631
192,HCK_HUMAN,144 - 226,1AD5,B,148 - 230,Kinases,HCK,HUMAN,148,230,P08631
193,HCK_HUMAN,144 - 226,1QCF,A,148 - 230,Kinases,HCK,HUMAN,148,230,P08631
194,HCK_HUMAN,144 - 226,2C0I,A,123 - 205,Kinases,HCK,HUMAN,123,205,P08631
195,HCK_HUMAN,144 - 226,2C0I,B,123 - 205,Kinases,HCK,HUMAN,123,205,P08631
196,HCK_HUMAN,144 - 226,2C0O,A,123 - 205,Kinases,HCK,HUMAN,123,205,P08631
197,HCK_HUMAN,144 - 226,2C0O,B,123 - 205,Kinases,HCK,HUMAN,123,205,P08631
198,HCK_HUMAN,144 - 226,2C0T,A,123 - 205,Kinases,HCK,HUMAN,123,205,P08631
199,HCK_HUMAN,144 - 226,2C0T,B,123 - 205,Kinases,HCK,HUMAN,123,205,P08631
200,HCK_HUMAN,144 - 226,2HCK,A,148 - 230,Kinases,HCK,HUMAN,148,230,P08631
201,HCK_HUMAN,144 - 226,2HCK,B,148 - 230,Kinases,HCK,HUMAN,148,230,P08631
202,HCK_HUMAN,144 - 226,3HCK,A,6 - 88,Kinases,HCK,HUMAN,6,88,P08631
203,HCK_HUMAN,144 - 226,3NHN,A,148 - 230,Kinases,HCK,HUMAN,148,230,P08631
204,HCK_HUMAN,144 - 226,3VRY,A,149 - 231,Kinases,HCK,HUMAN,149,231,P08631
205,HCK_HUMAN,144 - 226,3VRY,B,149 - 231,Kinases,HCK,HUMAN,149,231,P08631
206,HCK_HUMAN,144 - 226,3VRZ,A,149 - 231,Kinases,HCK,HUMAN,149,231,P08631
207,HCK_HUMAN,144 - 226,3VRZ,B,149 - 231,Kinases,HCK,HUMAN,149,231,P08631
208,HCK_HUMAN,144 - 226,3VS0,A,149 - 231,Kinases,HCK,HUMAN,149,231,P08631
209,HCK_HUMAN,144 - 226,3VS0,B,149 - 231,Kinases,HCK,HUMAN,149,231,P08631
210,HCK_HUMAN,144 - 226,3VS1,A,149 - 231,Kinases,HCK,HUMAN,149,231,P08631
211,HCK_HUMAN,144 - 226,3VS1,B,149 - 231,Kinases,HCK,HUMAN,149,231,P08631
212,HCK_HUMAN,144 - 226,3VS2,A,149 - 231,Kinases,HCK,HUMAN,149,231,P08631
213,HCK_HUMAN,144 - 226,3VS2,B,149 - 231,Kinases,HCK,HUMAN,149,231,P08631
214,HCK_HUMAN,144 - 226,3VS3,A,149 - 231,Kinases,HCK,HUMAN,149,231,P08631
215,HCK_HUMAN,144 - 226,3VS3,B,149 - 231,Kinases,HCK,HUMAN,149,231,P08631
216,HCK_HUMAN,144 - 226,3VS4,A,149 - 231,Kinases,HCK,HUMAN,149,231,P08631
217,HCK_HUMAN,144 - 226,3VS4,B,149 - 231,Kinases,HCK,HUMAN,149,231,P08631
218,HCK_HUMAN,144 - 226,3VS5,A,149 - 231,Kinases,HCK,HUMAN,149,231,P08631
219,HCK_HUMAN,144 - 226,3VS5,B,149 - 231,Kinases,HCK,HUMAN,149,231,P08631
220,HCK_HUMAN,144 - 226,3VS6,A,149 - 231,Kinases,HCK,HUMAN,149,231,P08631
221,HCK_HUMAN,144 - 226,3VS6,B,149 - 231,Kinases,HCK,HUMAN,149,231,P08631
222,HCK_HUMAN,144 - 226,3VS7,A,149 - 231,Kinases,HCK,HUMAN,149,231,P08631
223,HCK_HUMAN,144 - 226,3VS7,B,149 - 231,Kinases,HCK,HUMAN,149,231,P08631
224,HCK_HUMAN,144 - 226,4LUD,A,149 - 231,Kinases,HCK,HUMAN,149,231,P08631
225,HCK_HUMAN,144 - 226,4LUD,B,149 - 231,Kinases,HCK,HUMAN,149,231,P08631
226,HCK_HUMAN,144 - 226,4LUE,A,149 - 231,Kinases,HCK,HUMAN,149,231,P08631
227,HCK_HUMAN,144 - 226,4LUE,B,149 - 231,Kinases,HCK,HUMAN,149,231,P08631
228,HCK_HUMAN,144 - 226,4U5W,B,148 - 230,Kinases,HCK,HUMAN,148,230,P08631
229,HCK_HUMAN,144 - 226,4U5W,D,148 - 230,Kinases,HCK,HUMAN,148,230,P08631
230,HCK_HUMAN,144 - 226,5H09,A,149 - 231,Kinases,HCK,HUMAN,149,231,P08631
231,HCK_HUMAN,144 - 226,5H0B,A,149 - 231,Kinases,HCK,HUMAN,149,231,P08631
232,HCK_HUMAN,144 - 226,5H0E,A,149 - 231,Kinases,HCK,HUMAN,149,231,P08631
233,HCK_HUMAN,144 - 226,5H0G,A,149 - 231,Kinases,HCK,HUMAN,149,231,P08631
234,HCK_HUMAN,144 - 226,5H0H,A,149 - 231,Kinases,HCK,HUMAN,149,231,P08631
235,HSH2D_HUMAN,34 - 109,2CS0,A,18 - 93,SigReg,HSH2D,HUMAN,18,93,Q96JZ2
236,JAK2_HUMAN,400 - 480,4Z32,H,400 - 480,Kinases,JAK2,HUMAN,400,480,O60674
237,JAK2_HUMAN,400 - 481,4Z32,A,400 - 481,Kinases,JAK2,HUMAN,400,481,O60674
238,JAK2_HUMAN,400 - 481,4Z32,B,400 - 481,Kinases,JAK2,HUMAN,400,481,O60674
239,JAK2_HUMAN,400 - 481,4Z32,C,400 - 481,Kinases,JAK2,HUMAN,400,481,O60674
240,JAK2_HUMAN,400 - 481,4Z32,D,400 - 481,Kinases,JAK2,HUMAN,400,481,O60674
241,JAK2_HUMAN,400 - 481,4Z32,E,400 - 481,Kinases,JAK2,HUMAN,400,481,O60674
242,JAK2_HUMAN,400 - 481,4Z32,F,400 - 481,Kinases,JAK2,HUMAN,400,481,O60674
243,JAK2_HUMAN,400 - 481,4Z32,G,400 - 481,Kinases,JAK2,HUMAN,400,481,O60674
244,JAK2_HUMAN,400 - 481,6E2P,A,400 - 481,Kinases,JAK2,HUMAN,400,481,O60674
245,JAK2_HUMAN,400 - 481,6E2P,B,400 - 481,Kinases,JAK2,HUMAN,400,481,O60674
246,JAK2_HUMAN,400 - 481,6E2Q,A,400 - 481,Kinases,JAK2,HUMAN,400,481,O60674
247,JAK2_HUMAN,400 - 481,6E2Q,B,400 - 481,Kinases,JAK2,HUMAN,400,481,O60674
248,JAK2_HUMAN,400 - 481,6E2Q,C,400 - 481,Kinases,JAK2,HUMAN,400,481,O60674
249,JAK2_HUMAN,400 - 481,6E2Q,D,400 - 481,Kinases,JAK2,HUMAN,400,481,O60674
250,KSYK_HUMAN,15 - 92,1A81,A,15 - 92,Kinases,SYK,HUMAN,15,92,P43405
251,KSYK_HUMAN,15 - 92,1A81,C,15 - 92,Kinases,SYK,HUMAN,15,92,P43405
252,KSYK_HUMAN,15 - 92,1A81,E,15 - 92,Kinases,SYK,HUMAN,15,92,P43405
253,KSYK_HUMAN,15 - 92,1A81,G,15 - 92,Kinases,SYK,HUMAN,15,92,P43405
254,KSYK_HUMAN,15 - 92,1A81,I,15 - 92,Kinases,SYK,HUMAN,15,92,P43405
255,KSYK_HUMAN,15 - 92,1A81,K,15 - 92,Kinases,SYK,HUMAN,15,92,P43405
256,KSYK_HUMAN,15 - 92,4FL2,A,15 - 92,Kinases,SYK,HUMAN,15,92,P43405
257,KSYK_HUMAN,15 - 92,4FL3,A,15 - 92,Kinases,SYK,HUMAN,15,92,P43405
258,KSYK_HUMAN,168 - 244,1A81,A,168 - 244,Kinases,SYK,HUMAN,168,244,P43405
259,KSYK_HUMAN,168 - 244,1A81,C,168 - 244,Kinases,SYK,HUMAN,168,244,P43405
260,KSYK_HUMAN,168 - 244,1A81,E,168 - 244,Kinases,SYK,HUMAN,168,244,P43405
261,KSYK_HUMAN,168 - 244,1A81,G,168 - 244,Kinases,SYK,HUMAN,168,244,P43405
262,KSYK_HUMAN,168 - 244,1A81,I,168 - 244,Kinases,SYK,HUMAN,168,244,P43405
263,KSYK_HUMAN,168 - 244,1A81,K,168 - 244,Kinases,SYK,HUMAN,168,244,P43405
264,KSYK_HUMAN,168 - 244,1CSY,A,15 - 91,Kinases,SYK,HUMAN,15,91,P43405
265,KSYK_HUMAN,168 - 244,1CSZ,A,15 - 91,Kinases,SYK,HUMAN,15,91,P43405
266,KSYK_HUMAN,168 - 244,4FL2,A,168 - 244,Kinases,SYK,HUMAN,168,244,P43405
267,KSYK_HUMAN,168 - 244,4FL3,A,168 - 244,Kinases,SYK,HUMAN,168,244,P43405
268,LCK_HUMAN,127 - 209,1BHF,A,127 - 209,Kinases,LCK,HUMAN,127,209,P06239
269,LCK_HUMAN,127 - 209,1BHH,A,127 - 209,Kinases,LCK,HUMAN,127,209,P06239
270,LCK_HUMAN,127 - 209,1BHH,B,127 - 209,Kinases,LCK,HUMAN,127,209,P06239
271,LCK_HUMAN,127 - 209,1CWD,L,5 - 87,Kinases,LCK,HUMAN,5,87,P06239
272,LCK_HUMAN,127 - 209,1CWE,A,5 - 87,Kinases,LCK,HUMAN,5,87,P06239
273,LCK_HUMAN,127 - 209,1CWE,C,5 - 87,Kinases,LCK,HUMAN,5,87,P06239
274,LCK_HUMAN,127 - 209,1FBZ,A,5 - 87,Kinases,LCK,HUMAN,5,87,P06239
275,LCK_HUMAN,127 - 209,1FBZ,B,205 - 287,Kinases,LCK,HUMAN,205,287,P06239
276,LCK_HUMAN,127 - 209,1IJR,A,5 - 87,Kinases,LCK,HUMAN,5,87,P06239
277,LCK_HUMAN,127 - 209,1LCJ,A,127 - 209,Kinases,LCK,HUMAN,127,209,P06239
278,LCK_HUMAN,127 - 209,1LCK,A,127 - 209,Kinases,LCK,HUMAN,127,209,P06239
279,LCK_HUMAN,127 - 209,1LKK,A,127 - 209,Kinases,LCK,HUMAN,127,209,P06239
280,LCK_HUMAN,127 - 209,1LKL,A,127 - 209,Kinases,LCK,HUMAN,127,209,P06239
281,LCK_HUMAN,127 - 209,1X27,A,127 - 209,Kinases,LCK,HUMAN,127,209,P06239
282,LCK_HUMAN,127 - 209,1X27,B,127 - 209,Kinases,LCK,HUMAN,127,209,P06239
283,LCK_HUMAN,127 - 209,1X27,C,127 - 209,Kinases,LCK,HUMAN,127,209,P06239
284,LCK_HUMAN,127 - 209,1X27,D,127 - 209,Kinases,LCK,HUMAN,127,209,P06239
285,LCK_HUMAN,127 - 209,1X27,E,127 - 209,Kinases,LCK,HUMAN,127,209,P06239
286,LCK_HUMAN,127 - 209,1X27,F,127 - 209,Kinases,LCK,HUMAN,127,209,P06239
287,LCK_HUMAN,127 - 209,4D8K,A,127 - 209,Kinases,LCK,HUMAN,127,209,P06239
288,LCK_HUMAN,127 - 209,5MTM,A,12 - 94,Kinases,LCK,HUMAN,12,94,P06239
289,LCK_HUMAN,127 - 209,5MTN,A,12 - 94,Kinases,LCK,HUMAN,12,94,P06239
290,MATK_HUMAN,122 - 196,1JWO,A,122 - 196,Kinases,MATK,HUMAN,122,196,P42679
291,MATK_HUMAN,122 - 196,3US4,A,122 - 196,Kinases,MATK,HUMAN,122,196,P42679
292,NCK1_HUMAN,282 - 356,2CI8,A,282 - 356,Adaptors,NCK1,HUMAN,282,356,P16333
293,NCK1_HUMAN,282 - 356,2CI9,A,282 - 356,Adaptors,NCK1,HUMAN,282,356,P16333
294,NCK1_HUMAN,282 - 356,2CI9,B,282 - 356,Adaptors,NCK1,HUMAN,282,356,P16333
295,NCK2_HUMAN,285 - 359,1Z3K,A,3 - 77,Adaptors,NCK2,HUMAN,3,77,P16333
296,NCK2_HUMAN,285 - 359,2CIA,A,285 - 359,Adaptors,NCK2,HUMAN,285,359,P16333
297,P85A_HUMAN,333 - 398,4JPS,B,333 - 398,Kinases,PIK3R1,HUMAN,333,398,P27986
298,P85A_HUMAN,333 - 408,2IUG,A,12 - 87,Kinases,PIK3R1,HUMAN,12,87,P27986
299,P85A_HUMAN,333 - 408,2IUH,A,12 - 87,Kinases,PIK3R1,HUMAN,12,87,P27986
300,P85A_HUMAN,333 - 408,2IUI,A,12 - 87,Kinases,PIK3R1,HUMAN,12,87,P27986
301,P85A_HUMAN,333 - 408,2IUI,B,1012 - 1087,Kinases,PIK3R1,HUMAN,1012,1087,P27986
302,P85A_HUMAN,333 - 408,3HHM,B,333 - 408,Kinases,PIK3R1,HUMAN,333,408,P27986
303,P85A_HUMAN,333 - 408,3HIZ,B,333 - 408,Kinases,PIK3R1,HUMAN,333,408,P27986
304,P85A_HUMAN,333 - 408,4L1B,B,333 - 408,Kinases,PIK3R1,HUMAN,333,408,P27986
305,P85A_HUMAN,333 - 408,4L23,B,333 - 408,Kinases,PIK3R1,HUMAN,333,408,P27986
306,P85A_HUMAN,333 - 408,4L2Y,B,333 - 408,Kinases,PIK3R1,HUMAN,333,408,P27986
307,P85A_HUMAN,333 - 408,4OVU,B,333 - 408,Kinases,PIK3R1,HUMAN,333,408,P27986
308,P85A_HUMAN,333 - 408,4OVV,B,333 - 408,Kinases,PIK3R1,HUMAN,333,408,P27986
309,P85A_HUMAN,333 - 408,4WAF,B,333 - 408,Kinases,PIK3R1,HUMAN,333,408,P27986
310,P85A_HUMAN,333 - 408,4YKN,A,333 - 408,Kinases,PIK3R1,HUMAN,333,408,P27986
311,P85A_HUMAN,333 - 408,4ZOP,B,333 - 408,Kinases,PIK3R1,HUMAN,333,408,P27986
312,P85A_HUMAN,333 - 408,5FI4,B,333 - 408,Kinases,PIK3R1,HUMAN,333,408,P27986
313,P85A_HUMAN,333 - 408,5GJI,A,333 - 408,Kinases,PIK3R1,HUMAN,333,408,P27986
314,P85A_HUMAN,333 - 408,5ITD,B,333 - 408,Kinases,PIK3R1,HUMAN,333,408,P27986
315,P85A_HUMAN,333 - 408,5SWG,B,333 - 408,Kinases,PIK3R1,HUMAN,333,408,P27986
316,P85A_HUMAN,333 - 408,5SWO,B,333 - 408,Kinases,PIK3R1,HUMAN,333,408,P27986
317,P85A_HUMAN,333 - 408,5SWP,B,333 - 408,Kinases,PIK3R1,HUMAN,333,408,P27986
318,P85A_HUMAN,333 - 408,5SWR,B,333 - 408,Kinases,PIK3R1,HUMAN,333,408,P27986
319,P85A_HUMAN,333 - 408,5SWT,B,333 - 408,Kinases,PIK3R1,HUMAN,333,408,P27986
320,P85A_HUMAN,333 - 408,5SX8,B,333 - 408,Kinases,PIK3R1,HUMAN,333,408,P27986
321,P85A_HUMAN,333 - 408,5SX9,B,333 - 408,Kinases,PIK3R1,HUMAN,333,408,P27986
322,P85A_HUMAN,333 - 408,5SXB,B,333 - 408,Kinases,PIK3R1,HUMAN,333,408,P27986
323,P85A_HUMAN,333 - 408,5SXC,B,333 - 408,Kinases,PIK3R1,HUMAN,333,408,P27986
324,P85A_HUMAN,333 - 408,5SXD,B,333 - 408,Kinases,PIK3R1,HUMAN,333,408,P27986
325,P85A_HUMAN,333 - 408,5SXE,B,333 - 408,Kinases,PIK3R1,HUMAN,333,408,P27986
326,P85A_HUMAN,333 - 408,5SXI,B,333 - 408,Kinases,PIK3R1,HUMAN,333,408,P27986
327,P85A_HUMAN,333 - 408,5SXK,B,333 - 408,Kinases,PIK3R1,HUMAN,333,408,P27986
328,P85A_HUMAN,333 - 408,5UK8,B,333 - 408,Kinases,PIK3R1,HUMAN,333,408,P27986
329,P85A_HUMAN,333 - 408,5UKJ,B,333 - 408,Kinases,PIK3R1,HUMAN,333,408,P27986
330,P85A_HUMAN,333 - 408,5UL1,B,333 - 408,Kinases,PIK3R1,HUMAN,333,408,P27986
331,P85A_HUMAN,333 - 408,5XGH,B,333 - 408,Kinases,PIK3R1,HUMAN,333,408,P27986
332,P85A_HUMAN,333 - 408,5XGI,B,333 - 408,Kinases,PIK3R1,HUMAN,333,408,P27986
333,P85A_HUMAN,333 - 408,5XGJ,B,333 - 408,Kinases,PIK3R1,HUMAN,333,408,P27986
334,P85A_HUMAN,333 - 408,6NCT,B,333 - 408,Kinases,PIK3R1,HUMAN,333,408,P27986
335,P85A_HUMAN,334 - 408,5SXJ,B,334 - 408,Kinases,PIK3R1,HUMAN,334,408,P27986
336,P85A_HUMAN,340 - 381,5SXF,B,340 - 381,Kinases,PIK3R1,HUMAN,340,381,P27986
337,P85A_HUMAN,340 - 408,5SXA,B,340 - 408,Kinases,PIK3R1,HUMAN,340,408,P27986
338,P85A_HUMAN,341 - 408,5SW8,B,341 - 408,Kinases,PIK3R1,HUMAN,341,408,P27986
339,P85A_HUMAN,624 - 698,1H9O,A,12 - 86,Kinases,PIK3R1,HUMAN,12,86,P27986
340,P85A_HUMAN,624 - 698,1PIC,A,12 - 86,Kinases,PIK3R1,HUMAN,12,86,P27986
341,P85A_HUMAN,624 - 698,5AUL,A,624 - 698,Kinases,PIK3R1,HUMAN,624,698,P27986
342,PLCG1_HUMAN,550 - 639,4EY0,A,550 - 639,PhosLip_second_mess,PLCG1,HUMAN,550,639,P19174
343,PLCG1_HUMAN,550 - 639,4EY0,B,550 - 639,PhosLip_second_mess,PLCG1,HUMAN,550,639,P19174
344,PLCG1_HUMAN,550 - 639,4EY0,C,550 - 639,PhosLip_second_mess,PLCG1,HUMAN,550,639,P19174
345,PLCG1_HUMAN,550 - 639,4EY0,D,550 - 639,PhosLip_second_mess,PLCG1,HUMAN,550,639,P19174
346,PLCG1_HUMAN,550 - 639,4FBN,A,550 - 639,PhosLip_second_mess,PLCG1,HUMAN,550,639,P19174
347,PLCG1_HUMAN,668 - 741,4EY0,A,668 - 741,PhosLip_second_mess,PLCG1,HUMAN,668,741,P19174
348,PLCG1_HUMAN,668 - 741,4EY0,B,668 - 741,PhosLip_second_mess,PLCG1,HUMAN,668,741,P19174
349,PLCG1_HUMAN,668 - 741,4EY0,C,668 - 741,PhosLip_second_mess,PLCG1,HUMAN,668,741,P19174
350,PLCG1_HUMAN,668 - 741,4EY0,D,668 - 741,PhosLip_second_mess,PLCG1,HUMAN,668,741,P19174
351,PLCG1_HUMAN,668 - 741,4FBN,A,668 - 741,PhosLip_second_mess,PLCG1,HUMAN,668,741,P19174
352,PTK6_HUMAN,78 - 155,1RJA,A,4 - 81,Kinases,PTK6,HUMAN,4,81,Q13882
353,PTN11_HUMAN,112 - 197,2SHP,A,112 - 197,Phophatases,PTPN11,HUMAN,112,197,Q06124
354,PTN11_HUMAN,112 - 197,2SHP,B,112 - 197,Phophatases,PTPN11,HUMAN,112,197,Q06124
355,PTN11_HUMAN,112 - 197,4DGP,A,112 - 197,Phophatases,PTPN11,HUMAN,112,197,Q06124
356,PTN11_HUMAN,112 - 197,4DGX,A,112 - 197,Phophatases,PTPN11,HUMAN,112,197,Q06124
357,PTN11_HUMAN,112 - 197,4GWF,A,112 - 197,Phophatases,PTPN11,HUMAN,112,197,Q06124
358,PTN11_HUMAN,112 - 197,4GWF,B,112 - 197,Phophatases,PTPN11,HUMAN,112,197,Q06124
359,PTN11_HUMAN,112 - 197,4H1O,A,112 - 197,Phophatases,PTPN11,HUMAN,112,197,Q06124
360,PTN11_HUMAN,112 - 197,4H34,A,112 - 197,Phophatases,PTPN11,HUMAN,112,197,Q06124
361,PTN11_HUMAN,112 - 197,4JEG,A,112 - 197,Phophatases,PTPN11,HUMAN,112,197,Q06124
362,PTN11_HUMAN,112 - 197,4NWF,A,112 - 197,Phophatases,PTPN11,HUMAN,112,197,Q06124
363,PTN11_HUMAN,112 - 197,4NWF,B,112 - 197,Phophatases,PTPN11,HUMAN,112,197,Q06124
364,PTN11_HUMAN,112 - 197,4NWG,A,112 - 197,Phophatases,PTPN11,HUMAN,112,197,Q06124
365,PTN11_HUMAN,112 - 197,4NWG,B,112 - 197,Phophatases,PTPN11,HUMAN,112,197,Q06124
366,PTN11_HUMAN,112 - 197,4OHD,A,112 - 197,Phophatases,PTPN11,HUMAN,112,197,Q06124
367,PTN11_HUMAN,112 - 197,4OHE,A,112 - 197,Phophatases,PTPN11,HUMAN,112,197,Q06124
368,PTN11_HUMAN,112 - 197,4OHH,A,112 - 197,Phophatases,PTPN11,HUMAN,112,197,Q06124
369,PTN11_HUMAN,112 - 197,4OHI,A,112 - 197,Phophatases,PTPN11,HUMAN,112,197,Q06124
370,PTN11_HUMAN,112 - 197,4OHL,A,112 - 197,Phophatases,PTPN11,HUMAN,112,197,Q06124
371,PTN11_HUMAN,112 - 197,4OHL,B,112 - 197,Phophatases,PTPN11,HUMAN,112,197,Q06124
372,PTN11_HUMAN,112 - 197,5DF6,A,112 - 197,Phophatases,PTPN11,HUMAN,112,197,Q06124
373,PTN11_HUMAN,112 - 197,5EHP,A,112 - 197,Phophatases,PTPN11,HUMAN,112,197,Q06124
374,PTN11_HUMAN,112 - 197,5EHP,B,112 - 197,Phophatases,PTPN11,HUMAN,112,197,Q06124
375,PTN11_HUMAN,112 - 197,5EHR,A,112 - 197,Phophatases,PTPN11,HUMAN,112,197,Q06124
376,PTN11_HUMAN,112 - 197,5EHR,B,112 - 197,Phophatases,PTPN11,HUMAN,112,197,Q06124
377,PTN11_HUMAN,112 - 197,5I6V,A,112 - 197,Phophatases,PTPN11,HUMAN,112,197,Q06124
378,PTN11_HUMAN,112 - 197,5I6V,B,112 - 197,Phophatases,PTPN11,HUMAN,112,197,Q06124
379,PTN11_HUMAN,112 - 197,5IBM,A,112 - 197,Phophatases,PTPN11,HUMAN,112,197,Q06124
380,PTN11_HUMAN,112 - 197,5IBM,B,112 - 197,Phophatases,PTPN11,HUMAN,112,197,Q06124
381,PTN11_HUMAN,112 - 197,5IBS,A,112 - 197,Phophatases,PTPN11,HUMAN,112,197,Q06124
382,PTN11_HUMAN,112 - 197,5IBS,B,112 - 197,Phophatases,PTPN11,HUMAN,112,197,Q06124
383,PTN11_HUMAN,112 - 197,5X7B,A,112 - 197,Phophatases,PTPN11,HUMAN,112,197,Q06124
384,PTN11_HUMAN,112 - 197,5X94,A,112 - 197,Phophatases,PTPN11,HUMAN,112,197,Q06124
385,PTN11_HUMAN,112 - 197,5X94,B,112 - 197,Phophatases,PTPN11,HUMAN,112,197,Q06124
386,PTN11_HUMAN,112 - 197,5XZR,A,112 - 197,Phophatases,PTPN11,HUMAN,112,197,Q06124
387,PTN11_HUMAN,112 - 197,6ATD,A,112 - 197,Phophatases,PTPN11,HUMAN,112,197,Q06124
388,PTN11_HUMAN,112 - 197,6ATD,B,112 - 197,Phophatases,PTPN11,HUMAN,112,197,Q06124
389,PTN11_HUMAN,112 - 197,6BMR,A,112 - 197,Phophatases,PTPN11,HUMAN,112,197,Q06124
390,PTN11_HUMAN,112 - 197,6BMR,B,112 - 197,Phophatases,PTPN11,HUMAN,112,197,Q06124
391,PTN11_HUMAN,112 - 197,6BMU,A,112 - 197,Phophatases,PTPN11,HUMAN,112,197,Q06124
392,PTN11_HUMAN,112 - 197,6BMU,B,112 - 197,Phophatases,PTPN11,HUMAN,112,197,Q06124
393,PTN11_HUMAN,112 - 197,6BMV,A,112 - 197,Phophatases,PTPN11,HUMAN,112,197,Q06124
394,PTN11_HUMAN,112 - 197,6BMV,B,112 - 197,Phophatases,PTPN11,HUMAN,112,197,Q06124
395,PTN11_HUMAN,112 - 197,6BMW,A,112 - 197,Phophatases,PTPN11,HUMAN,112,197,Q06124
396,PTN11_HUMAN,112 - 197,6BMW,B,112 - 197,Phophatases,PTPN11,HUMAN,112,197,Q06124
397,PTN11_HUMAN,112 - 197,6BMX,A,112 - 197,Phophatases,PTPN11,HUMAN,112,197,Q06124
398,PTN11_HUMAN,112 - 197,6BMX,B,112 - 197,Phophatases,PTPN11,HUMAN,112,197,Q06124
399,PTN11_HUMAN,112 - 197,6BMY,A,112 - 197,Phophatases,PTPN11,HUMAN,112,197,Q06124
400,PTN11_HUMAN,112 - 197,6BMY,B,112 - 197,Phophatases,PTPN11,HUMAN,112,197,Q06124
401,PTN11_HUMAN,112 - 197,6BN5,A,112 - 197,Phophatases,PTPN11,HUMAN,112,197,Q06124
402,PTN11_HUMAN,112 - 197,6BN5,B,112 - 197,Phophatases,PTPN11,HUMAN,112,197,Q06124
403,PTN11_HUMAN,112 - 197,6CMP,A,112 - 197,Phophatases,PTPN11,HUMAN,112,197,Q06124
404,PTN11_HUMAN,112 - 197,6CMP,B,112 - 197,Phophatases,PTPN11,HUMAN,112,197,Q06124
405,PTN11_HUMAN,112 - 197,6CMQ,A,112 - 197,Phophatases,PTPN11,HUMAN,112,197,Q06124
406,PTN11_HUMAN,112 - 197,6CMQ,B,112 - 197,Phophatases,PTPN11,HUMAN,112,197,Q06124
407,PTN11_HUMAN,112 - 197,6CMQ,C,112 - 197,Phophatases,PTPN11,HUMAN,112,197,Q06124
408,PTN11_HUMAN,112 - 197,6CMQ,D,112 - 197,Phophatases,PTPN11,HUMAN,112,197,Q06124
409,PTN11_HUMAN,112 - 197,6CMR,A,112 - 197,Phophatases,PTPN11,HUMAN,112,197,Q06124
410,PTN11_HUMAN,112 - 197,6CMS,A,112 - 197,Phophatases,PTPN11,HUMAN,112,197,Q06124
411,PTN11_HUMAN,112 - 197,6CRF,A,112 - 197,Phophatases,PTPN11,HUMAN,112,197,Q06124
412,PTN11_HUMAN,112 - 197,6CRF,B,112 - 197,Phophatases,PTPN11,HUMAN,112,197,Q06124
413,PTN11_HUMAN,112 - 197,6CRG,A,112 - 197,Phophatases,PTPN11,HUMAN,112,197,Q06124
414,PTN11_HUMAN,112 - 197,6CRG,B,112 - 197,Phophatases,PTPN11,HUMAN,112,197,Q06124
415,PTN11_HUMAN,112 - 197,6IHZ,A,112 - 197,Phophatases,PTPN11,HUMAN,112,197,Q06124
416,PTN11_HUMAN,112 - 197,6IHZ,B,112 - 197,Phophatases,PTPN11,HUMAN,112,197,Q06124
417,PTN11_HUMAN,112 - 197,6MD7,A,112 - 197,Phophatases,PTPN11,HUMAN,112,197,Q06124
418,PTN11_HUMAN,112 - 197,6MD7,B,112 - 197,Phophatases,PTPN11,HUMAN,112,197,Q06124
419,PTN11_HUMAN,112 - 197,6MD9,A,112 - 197,Phophatases,PTPN11,HUMAN,112,197,Q06124
420,PTN11_HUMAN,112 - 197,6MD9,B,112 - 197,Phophatases,PTPN11,HUMAN,112,197,Q06124
421,PTN11_HUMAN,112 - 197,6MDA,A,112 - 197,Phophatases,PTPN11,HUMAN,112,197,Q06124
422,PTN11_HUMAN,112 - 197,6MDA,B,112 - 197,Phophatases,PTPN11,HUMAN,112,197,Q06124
423,PTN11_HUMAN,112 - 197,6MDB,A,112 - 197,Phophatases,PTPN11,HUMAN,112,197,Q06124
424,PTN11_HUMAN,112 - 197,6MDB,B,112 - 197,Phophatases,PTPN11,HUMAN,112,197,Q06124
425,PTN11_HUMAN,112 - 197,6MDC,A,112 - 197,Phophatases,PTPN11,HUMAN,112,197,Q06124
426,PTN11_HUMAN,112 - 197,6MDC,B,112 - 197,Phophatases,PTPN11,HUMAN,112,197,Q06124
427,PTN11_HUMAN,112 - 197,6MDD,A,112 - 197,Phophatases,PTPN11,HUMAN,112,197,Q06124
428,PTN11_HUMAN,112 - 197,6MDD,B,112 - 197,Phophatases,PTPN11,HUMAN,112,197,Q06124
429,PTN11_HUMAN,6 - 81,2SHP,A,6 - 81,Phophatases,PTPN11,HUMAN,6,81,Q06124
430,PTN11_HUMAN,6 - 81,2SHP,B,6 - 81,Phophatases,PTPN11,HUMAN,6,81,Q06124
431,PTN11_HUMAN,6 - 81,3TKZ,A,6 - 81,Phophatases,PTPN11,HUMAN,6,81,Q06124
432,PTN11_HUMAN,6 - 81,3TL0,A,6 - 81,Phophatases,PTPN11,HUMAN,6,81,Q06124
433,PTN11_HUMAN,6 - 81,4DGP,A,6 - 81,Phophatases,PTPN11,HUMAN,6,81,Q06124
434,PTN11_HUMAN,6 - 81,4DGX,A,6 - 81,Phophatases,PTPN11,HUMAN,6,81,Q06124
435,PTN11_HUMAN,6 - 81,4GWF,A,6 - 81,Phophatases,PTPN11,HUMAN,6,81,Q06124
436,PTN11_HUMAN,6 - 81,4GWF,B,6 - 81,Phophatases,PTPN11,HUMAN,6,81,Q06124
437,PTN11_HUMAN,6 - 81,4H1O,A,6 - 81,Phophatases,PTPN11,HUMAN,6,81,Q06124
438,PTN11_HUMAN,6 - 81,4H34,A,6 - 81,Phophatases,PTPN11,HUMAN,6,81,Q06124
439,PTN11_HUMAN,6 - 81,4JE4,A,6 - 81,Phophatases,PTPN11,HUMAN,6,81,Q06124
440,PTN11_HUMAN,6 - 81,4NWF,A,6 - 81,Phophatases,PTPN11,HUMAN,6,81,Q06124
441,PTN11_HUMAN,6 - 81,4NWF,B,6 - 81,Phophatases,PTPN11,HUMAN,6,81,Q06124
442,PTN11_HUMAN,6 - 81,4NWG,A,6 - 81,Phophatases,PTPN11,HUMAN,6,81,Q06124
443,PTN11_HUMAN,6 - 81,4NWG,B,6 - 81,Phophatases,PTPN11,HUMAN,6,81,Q06124
444,PTN11_HUMAN,6 - 81,4OHD,A,6 - 81,Phophatases,PTPN11,HUMAN,6,81,Q06124
445,PTN11_HUMAN,6 - 81,4OHE,A,6 - 81,Phophatases,PTPN11,HUMAN,6,81,Q06124
446,PTN11_HUMAN,6 - 81,4OHH,A,6 - 81,Phophatases,PTPN11,HUMAN,6,81,Q06124
447,PTN11_HUMAN,6 - 81,4OHI,A,6 - 81,Phophatases,PTPN11,HUMAN,6,81,Q06124
448,PTN11_HUMAN,6 - 81,4OHL,A,6 - 81,Phophatases,PTPN11,HUMAN,6,81,Q06124
449,PTN11_HUMAN,6 - 81,4OHL,B,6 - 81,Phophatases,PTPN11,HUMAN,6,81,Q06124
450,PTN11_HUMAN,6 - 81,4QSY,A,6 - 81,Phophatases,PTPN11,HUMAN,6,81,Q06124
451,PTN11_HUMAN,6 - 81,5DF6,A,6 - 81,Phophatases,PTPN11,HUMAN,6,81,Q06124
452,PTN11_HUMAN,6 - 81,5EHP,A,6 - 81,Phophatases,PTPN11,HUMAN,6,81,Q06124
453,PTN11_HUMAN,6 - 81,5EHP,B,6 - 81,Phophatases,PTPN11,HUMAN,6,81,Q06124
454,PTN11_HUMAN,6 - 81,5EHR,A,6 - 81,Phophatases,PTPN11,HUMAN,6,81,Q06124
455,PTN11_HUMAN,6 - 81,5EHR,B,6 - 81,Phophatases,PTPN11,HUMAN,6,81,Q06124
456,PTN11_HUMAN,6 - 81,5I6V,A,6 - 81,Phophatases,PTPN11,HUMAN,6,81,Q06124
457,PTN11_HUMAN,6 - 81,5I6V,B,6 - 81,Phophatases,PTPN11,HUMAN,6,81,Q06124
458,PTN11_HUMAN,6 - 81,5IBM,A,6 - 81,Phophatases,PTPN11,HUMAN,6,81,Q06124
459,PTN11_HUMAN,6 - 81,5IBM,B,6 - 81,Phophatases,PTPN11,HUMAN,6,81,Q06124
460,PTN11_HUMAN,6 - 81,5IBS,A,6 - 81,Phophatases,PTPN11,HUMAN,6,81,Q06124
461,PTN11_HUMAN,6 - 81,5IBS,B,6 - 81,Phophatases,PTPN11,HUMAN,6,81,Q06124
462,PTN11_HUMAN,6 - 81,5X7B,A,6 - 81,Phophatases,PTPN11,HUMAN,6,81,Q06124
463,PTN11_HUMAN,6 - 81,5X94,A,6 - 81,Phophatases,PTPN11,HUMAN,6,81,Q06124
464,PTN11_HUMAN,6 - 81,5X94,B,6 - 81,Phophatases,PTPN11,HUMAN,6,81,Q06124
465,PTN11_HUMAN,6 - 81,5XZR,A,6 - 81,Phophatases,PTPN11,HUMAN,6,81,Q06124
466,PTN11_HUMAN,6 - 81,6ATD,A,6 - 81,Phophatases,PTPN11,HUMAN,6,81,Q06124
467,PTN11_HUMAN,6 - 81,6ATD,B,6 - 81,Phophatases,PTPN11,HUMAN,6,81,Q06124
468,PTN11_HUMAN,6 - 81,6BMR,A,6 - 81,Phophatases,PTPN11,HUMAN,6,81,Q06124
469,PTN11_HUMAN,6 - 81,6BMR,B,6 - 81,Phophatases,PTPN11,HUMAN,6,81,Q06124
470,PTN11_HUMAN,6 - 81,6BMU,A,6 - 81,Phophatases,PTPN11,HUMAN,6,81,Q06124
471,PTN11_HUMAN,6 - 81,6BMU,B,6 - 81,Phophatases,PTPN11,HUMAN,6,81,Q06124
472,PTN11_HUMAN,6 - 81,6BMV,A,6 - 81,Phophatases,PTPN11,HUMAN,6,81,Q06124
473,PTN11_HUMAN,6 - 81,6BMV,B,6 - 81,Phophatases,PTPN11,HUMAN,6,81,Q06124
474,PTN11_HUMAN,6 - 81,6BMW,A,6 - 81,Phophatases,PTPN11,HUMAN,6,81,Q06124
475,PTN11_HUMAN,6 - 81,6BMW,B,6 - 81,Phophatases,PTPN11,HUMAN,6,81,Q06124
476,PTN11_HUMAN,6 - 81,6BMX,A,6 - 81,Phophatases,PTPN11,HUMAN,6,81,Q06124
477,PTN11_HUMAN,6 - 81,6BMX,B,6 - 81,Phophatases,PTPN11,HUMAN,6,81,Q06124
478,PTN11_HUMAN,6 - 81,6BMY,A,6 - 81,Phophatases,PTPN11,HUMAN,6,81,Q06124
479,PTN11_HUMAN,6 - 81,6BMY,B,6 - 81,Phophatases,PTPN11,HUMAN,6,81,Q06124
480,PTN11_HUMAN,6 - 81,6BN5,A,6 - 81,Phophatases,PTPN11,HUMAN,6,81,Q06124
481,PTN11_HUMAN,6 - 81,6BN5,B,6 - 81,Phophatases,PTPN11,HUMAN,6,81,Q06124
482,PTN11_HUMAN,6 - 81,6CMP,A,6 - 81,Phophatases,PTPN11,HUMAN,6,81,Q06124
483,PTN11_HUMAN,6 - 81,6CMP,B,6 - 81,Phophatases,PTPN11,HUMAN,6,81,Q06124
484,PTN11_HUMAN,6 - 81,6CMR,A,6 - 81,Phophatases,PTPN11,HUMAN,6,81,Q06124
485,PTN11_HUMAN,6 - 81,6CMS,A,6 - 81,Phophatases,PTPN11,HUMAN,6,81,Q06124
486,PTN11_HUMAN,6 - 81,6CRF,A,6 - 81,Phophatases,PTPN11,HUMAN,6,81,Q06124
487,PTN11_HUMAN,6 - 81,6CRF,B,6 - 81,Phophatases,PTPN11,HUMAN,6,81,Q06124
488,PTN11_HUMAN,6 - 81,6CRG,A,6 - 81,Phophatases,PTPN11,HUMAN,6,81,Q06124
489,PTN11_HUMAN,6 - 81,6CRG,B,6 - 81,Phophatases,PTPN11,HUMAN,6,81,Q06124
490,PTN11_HUMAN,6 - 81,6IHZ,A,6 - 81,Phophatases,PTPN11,HUMAN,6,81,Q06124
491,PTN11_HUMAN,6 - 81,6IHZ,B,6 - 81,Phophatases,PTPN11,HUMAN,6,81,Q06124
492,PTN11_HUMAN,6 - 81,6MD7,A,6 - 81,Phophatases,PTPN11,HUMAN,6,81,Q06124
493,PTN11_HUMAN,6 - 81,6MD7,B,6 - 81,Phophatases,PTPN11,HUMAN,6,81,Q06124
494,PTN11_HUMAN,6 - 81,6MD9,A,6 - 81,Phophatases,PTPN11,HUMAN,6,81,Q06124
495,PTN11_HUMAN,6 - 81,6MD9,B,6 - 81,Phophatases,PTPN11,HUMAN,6,81,Q06124
496,PTN11_HUMAN,6 - 81,6MDA,A,6 - 81,Phophatases,PTPN11,HUMAN,6,81,Q06124
497,PTN11_HUMAN,6 - 81,6MDA,B,6 - 81,Phophatases,PTPN11,HUMAN,6,81,Q06124
498,PTN11_HUMAN,6 - 81,6MDB,A,6 - 81,Phophatases,PTPN11,HUMAN,6,81,Q06124
499,PTN11_HUMAN,6 - 81,6MDB,B,6 - 81,Phophatases,PTPN11,HUMAN,6,81,Q06124
500,PTN11_HUMAN,6 - 81,6MDC,A,6 - 81,Phophatases,PTPN11,HUMAN,6,81,Q06124
501,PTN11_HUMAN,6 - 81,6MDC,B,6 - 81,Phophatases,PTPN11,HUMAN,6,81,Q06124
502,PTN11_HUMAN,6 - 81,6MDD,A,6 - 81,Phophatases,PTPN11,HUMAN,6,81,Q06124
503,PTN11_HUMAN,6 - 81,6MDD,B,6 - 81,Phophatases,PTPN11,HUMAN,6,81,Q06124
504,PTN6_HUMAN,110 - 194,1X6C,A,8 - 92,Phophatases,PTPN6,HUMAN,8,92,P29350
505,PTN6_HUMAN,110 - 194,2B3O,A,110 - 194,Phophatases,PTPN6,HUMAN,110,194,P29350
506,PTN6_HUMAN,110 - 194,2RMX,A,8 - 92,Phophatases,PTPN6,HUMAN,8,92,P29350
507,PTN6_HUMAN,110 - 194,2YU7,A,8 - 92,Phophatases,PTPN6,HUMAN,8,92,P29350
508,PTN6_HUMAN,110 - 194,3PS5,A,110 - 194,Phophatases,PTPN6,HUMAN,110,194,P29350
509,PTN6_HUMAN,4 - 79,2B3O,A,4 - 79,Phophatases,PTPN6,HUMAN,4,79,P29350
510,PTN6_HUMAN,4 - 79,3PS5,A,4 - 79,Phophatases,PTPN6,HUMAN,4,79,P29350
511,RASA1_HUMAN,351 - 426,2GSB,A,18 - 93,Small_GTPase_sig,RASA1,HUMAN,18,93,P20936
512,SH21A_HUMAN,6 - 87,1D1Z,A,1006 - 1087,SigReg,SH2D1A,HUMAN,1006,1087,O60880
513,SH21A_HUMAN,6 - 87,1D1Z,B,2006 - 2087,SigReg,SH2D1A,HUMAN,2006,2087,O60880
514,SH21A_HUMAN,6 - 87,1D1Z,C,3006 - 3087,SigReg,SH2D1A,HUMAN,3006,3087,O60880
515,SH21A_HUMAN,6 - 87,1D1Z,D,4006 - 4087,SigReg,SH2D1A,HUMAN,4006,4087,O60880
516,SH21A_HUMAN,6 - 87,1D4T,A,6 - 87,SigReg,SH2D1A,HUMAN,6,87,O60880
517,SH21A_HUMAN,6 - 87,1D4W,A,6 - 87,SigReg,SH2D1A,HUMAN,6,87,O60880
518,SH21A_HUMAN,6 - 87,1D4W,B,6 - 87,SigReg,SH2D1A,HUMAN,6,87,O60880
519,SH21A_HUMAN,6 - 87,1KA6,A,6 - 87,SigReg,SH2D1A,HUMAN,6,87,O60880
520,SH21A_HUMAN,6 - 87,1KA7,A,6 - 87,SigReg,SH2D1A,HUMAN,6,87,O60880
521,SH21A_HUMAN,6 - 87,1M27,A,6 - 87,SigReg,SH2D1A,HUMAN,6,87,O60880
522,SH21B_HUMAN,5 - 86,5KAZ,A,5 - 86,SigReg,SH2D1B,HUMAN,5,86,O14796
523,SH2B1_HUMAN,527 - 604,5W3R,A,527 - 604,SigReg,SH2B1,HUMAN,527,604,Q9NRF2
524,SHC1_HUMAN,488 - 559,1MIL,A,9 - 80,Scaffolds,SHC1,HUMAN,9,80,P29353
525,SHC1_HUMAN,488 - 559,1TCE,A,9 - 80,Scaffolds,SHC1,HUMAN,9,80,P29353
526,SHIP1_HUMAN,5 - 86,2YSX,A,12 - 93,PhosLip_second_mess,INPP5D,HUMAN,12,93,Q92835
527,SHIP2_HUMAN,21 - 102,2MK2,A,13 - 94,PhosLip_second_mess,INPPL1,HUMAN,13,94,O15357
528,SLAP2_HUMAN,94 - 176,4M4Z,A,94 - 176,Adaptors,SLA2,HUMAN,94,176,Q9H6Q3
529,SOCS2_HUMAN,48 - 129,2C9W,A,48 - 129,SigReg,SOCS2,HUMAN,48,129,O14508
530,SOCS2_HUMAN,48 - 129,4JGH,A,48 - 129,SigReg,SOCS2,HUMAN,48,129,O14508
531,SOCS2_HUMAN,48 - 129,5BO4,A,48 - 129,SigReg,SOCS2,HUMAN,48,129,O14508
532,SOCS2_HUMAN,48 - 129,5BO4,D,48 - 129,SigReg,SOCS2,HUMAN,48,129,O14508
533,SOCS2_HUMAN,48 - 129,5BO4,G,48 - 129,SigReg,SOCS2,HUMAN,48,129,O14508
534,SOCS2_HUMAN,48 - 129,5BO4,J,48 - 129,SigReg,SOCS2,HUMAN,48,129,O14508
535,SOCS2_HUMAN,48 - 129,5BO4,M,48 - 129,SigReg,SOCS2,HUMAN,48,129,O14508
536,SOCS2_HUMAN,48 - 129,5BO4,P,48 - 129,SigReg,SOCS2,HUMAN,48,129,O14508
537,SOCS2_HUMAN,48 - 129,6I4X,A,48 - 129,SigReg,SOCS2,HUMAN,48,129,O14508
538,SOCS2_HUMAN,48 - 129,6I5J,A,48 - 129,SigReg,SOCS2,HUMAN,48,129,O14508
539,SOCS2_HUMAN,48 - 129,6I5J,D,48 - 129,SigReg,SOCS2,HUMAN,48,129,O14508
540,SOCS2_HUMAN,48 - 129,6I5N,A,48 - 129,SigReg,SOCS2,HUMAN,48,129,O14508
541,SOCS2_HUMAN,48 - 129,6I5N,D,48 - 129,SigReg,SOCS2,HUMAN,48,129,O14508
542,SOCS4_HUMAN,286 - 364,2IZV,A,286 - 364,SigReg,SOCS4,HUMAN,286,364,Q8WXH5
543,SOCS6_HUMAN,384 - 461,2VIF,A,384 - 461,SigReg,SOCS6,HUMAN,384,461,O14544
544,SRC_HUMAN,151 - 233,1A07,A,151 - 233,Kinases,SRC,HUMAN,151,233,P12931
545,SRC_HUMAN,151 - 233,1A07,B,151 - 233,Kinases,SRC,HUMAN,151,233,P12931
546,SRC_HUMAN,151 - 233,1A08,A,151 - 233,Kinases,SRC,HUMAN,151,233,P12931
547,SRC_HUMAN,151 - 233,1A08,B,151 - 233,Kinases,SRC,HUMAN,151,233,P12931
548,SRC_HUMAN,151 - 233,1A09,A,151 - 233,Kinases,SRC,HUMAN,151,233,P12931
549,SRC_HUMAN,151 - 233,1A09,B,151 - 233,Kinases,SRC,HUMAN,151,233,P12931
550,SRC_HUMAN,151 - 233,1A1A,A,151 - 233,Kinases,SRC,HUMAN,151,233,P12931
551,SRC_HUMAN,151 - 233,1A1A,B,151 - 233,Kinases,SRC,HUMAN,151,233,P12931
552,SRC_HUMAN,151 - 233,1A1B,A,151 - 233,Kinases,SRC,HUMAN,151,233,P12931
553,SRC_HUMAN,151 - 233,1A1B,B,151 - 233,Kinases,SRC,HUMAN,151,233,P12931
554,SRC_HUMAN,151 - 233,1A1C,A,151 - 233,Kinases,SRC,HUMAN,151,233,P12931
555,SRC_HUMAN,151 - 233,1A1C,B,151 - 233,Kinases,SRC,HUMAN,151,233,P12931
556,SRC_HUMAN,151 - 233,1A1E,A,151 - 233,Kinases,SRC,HUMAN,151,233,P12931
557,SRC_HUMAN,151 - 233,1A1E,B,151 - 233,Kinases,SRC,HUMAN,151,233,P12931
558,SRC_HUMAN,151 - 233,1FMK,A,148 - 230,Kinases,SRC,HUMAN,148,230,P12931
559,SRC_HUMAN,151 - 233,1HCS,B,148 - 230,Kinases,SRC,HUMAN,148,230,P12931
560,SRC_HUMAN,151 - 233,1HCT,B,148 - 230,Kinases,SRC,HUMAN,148,230,P12931
561,SRC_HUMAN,151 - 233,1KSW,A,148 - 230,Kinases,SRC,HUMAN,148,230,P12931
562,SRC_HUMAN,151 - 233,1O41,A,7 - 89,Kinases,SRC,HUMAN,7,89,P12931
563,SRC_HUMAN,151 - 233,1O42,A,7 - 89,Kinases,SRC,HUMAN,7,89,P12931
564,SRC_HUMAN,151 - 233,1O43,A,7 - 89,Kinases,SRC,HUMAN,7,89,P12931
565,SRC_HUMAN,151 - 233,1O44,A,7 - 89,Kinases,SRC,HUMAN,7,89,P12931
566,SRC_HUMAN,151 - 233,1O45,A,7 - 89,Kinases,SRC,HUMAN,7,89,P12931
567,SRC_HUMAN,151 - 233,1O46,A,7 - 89,Kinases,SRC,HUMAN,7,89,P12931
568,SRC_HUMAN,151 - 233,1O47,A,7 - 89,Kinases,SRC,HUMAN,7,89,P12931
569,SRC_HUMAN,151 - 233,1O48,A,7 - 89,Kinases,SRC,HUMAN,7,89,P12931
570,SRC_HUMAN,151 - 233,1O49,A,7 - 89,Kinases,SRC,HUMAN,7,89,P12931
571,SRC_HUMAN,151 - 233,1O4A,A,7 - 89,Kinases,SRC,HUMAN,7,89,P12931
572,SRC_HUMAN,151 - 233,1O4B,A,7 - 89,Kinases,SRC,HUMAN,7,89,P12931
573,SRC_HUMAN,151 - 233,1O4C,A,7 - 89,Kinases,SRC,HUMAN,7,89,P12931
574,SRC_HUMAN,151 - 233,1O4D,A,7 - 89,Kinases,SRC,HUMAN,7,89,P12931
575,SRC_HUMAN,151 - 233,1O4E,A,7 - 89,Kinases,SRC,HUMAN,7,89,P12931
576,SRC_HUMAN,151 - 233,1O4F,A,7 - 89,Kinases,SRC,HUMAN,7,89,P12931
577,SRC_HUMAN,151 - 233,1O4G,A,7 - 89,Kinases,SRC,HUMAN,7,89,P12931
578,SRC_HUMAN,151 - 233,1O4H,A,7 - 89,Kinases,SRC,HUMAN,7,89,P12931
579,SRC_HUMAN,151 - 233,1O4I,A,7 - 89,Kinases,SRC,HUMAN,7,89,P12931
580,SRC_HUMAN,151 - 233,1O4J,A,7 - 89,Kinases,SRC,HUMAN,7,89,P12931
581,SRC_HUMAN,151 - 233,1O4K,A,7 - 89,Kinases,SRC,HUMAN,7,89,P12931
582,SRC_HUMAN,151 - 233,1O4L,A,7 - 89,Kinases,SRC,HUMAN,7,89,P12931
583,SRC_HUMAN,151 - 233,1O4M,A,7 - 89,Kinases,SRC,HUMAN,7,89,P12931
584,SRC_HUMAN,151 - 233,1O4N,A,7 - 89,Kinases,SRC,HUMAN,7,89,P12931
585,SRC_HUMAN,151 - 233,1O4O,A,7 - 89,Kinases,SRC,HUMAN,7,89,P12931
586,SRC_HUMAN,151 - 233,1O4P,A,7 - 89,Kinases,SRC,HUMAN,7,89,P12931
587,SRC_HUMAN,151 - 233,1O4Q,A,7 - 89,Kinases,SRC,HUMAN,7,89,P12931
588,SRC_HUMAN,151 - 233,1O4R,A,7 - 89,Kinases,SRC,HUMAN,7,89,P12931
589,SRC_HUMAN,151 - 233,1SHD,A,151 - 233,Kinases,SRC,HUMAN,151,233,P12931
590,SRC_HUMAN,151 - 233,1Y57,A,148 - 230,Kinases,SRC,HUMAN,148,230,P12931
591,SRC_HUMAN,151 - 233,2H8H,A,148 - 230,Kinases,SRC,HUMAN,148,230,P12931
592,SRC_HUMAN,151 - 233,2SRC,A,148 - 230,Kinases,SRC,HUMAN,148,230,P12931
593,SRC_HUMAN,151 - 233,4F59,A,151 - 233,Kinases,SRC,HUMAN,151,233,P12931
594,SRC_HUMAN,151 - 233,4F5A,A,151 - 233,Kinases,SRC,HUMAN,151,233,P12931
595,SRC_HUMAN,151 - 233,4F5B,A,151 - 233,Kinases,SRC,HUMAN,151,233,P12931
596,SRC_HUMAN,151 - 233,4K11,A,148 - 230,Kinases,SRC,HUMAN,148,230,P12931
597,STA5B_HUMAN,589 - 670,6MBW,A,589 - 670,Transcription,STAT5B,HUMAN,589,670,P51692
598,STA5B_HUMAN,589 - 670,6MBW,B,589 - 670,Transcription,STAT5B,HUMAN,589,670,P51692
599,STA5B_HUMAN,589 - 670,6MBZ,A,589 - 670,Transcription,STAT5B,HUMAN,589,670,P51692
600,STA5B_HUMAN,589 - 670,6MBZ,B,589 - 670,Transcription,STAT5B,HUMAN,589,670,P51692
601,STAP1_HUMAN,179 - 256,3MAZ,A,179 - 256,Transcription,STAP1,HUMAN,179,256,Q9ULZ2
602,STAT1_HUMAN,573 - 657,1BF5,A,573 - 657,Transcription,STAT1,HUMAN,573,657,P42224
603,STAT1_HUMAN,573 - 657,1YVL,A,573 - 657,Transcription,STAT1,HUMAN,573,657,P42224
604,STAT1_HUMAN,573 - 657,1YVL,B,1573 - 1657,Transcription,STAT1,HUMAN,1573,1657,P42224
605,STAT3_HUMAN,584 - 674,6QHD,A,584 - 674,Transcription,STAT3,HUMAN,584,674,P40763
606,STAT3_HUMAN,584 - 674,6QHD,B,584 - 674,Transcription,STAT3,HUMAN,584,674,P40763
607,STAT6_HUMAN,537 - 616,4Y5U,A,537 - 616,Transcription,STAT6,HUMAN,537,616,P42226
608,STAT6_HUMAN,537 - 616,4Y5U,B,537 - 616,Transcription,STAT6,HUMAN,537,616,P42226
609,STAT6_HUMAN,537 - 616,4Y5W,A,537 - 616,Transcription,STAT6,HUMAN,537,616,P42226
610,STAT6_HUMAN,537 - 616,4Y5W,B,537 - 616,Transcription,STAT6,HUMAN,537,616,P42226
611,STAT6_HUMAN,537 - 616,4Y5W,C,537 - 616,Transcription,STAT6,HUMAN,537,616,P42226
612,STAT6_HUMAN,537 - 616,4Y5W,D,537 - 616,Transcription,STAT6,HUMAN,537,616,P42226
613,STAT6_HUMAN,537 - 616,5D39,A,537 - 616,Transcription,STAT6,HUMAN,537,616,P42226
614,STAT6_HUMAN,537 - 616,5D39,B,537 - 616,Transcription,STAT6,HUMAN,537,616,P42226
615,STAT6_HUMAN,537 - 616,5D39,C,537 - 616,Transcription,STAT6,HUMAN,537,616,P42226
616,STAT6_HUMAN,537 - 616,5D39,D,537 - 616,Transcription,STAT6,HUMAN,537,616,P42226
617,TNS2_HUMAN,1140 - 1232,2KNO,A,22 - 114,Cytoskeletal_reg,TNS2,HUMAN,22,114,Q63HR2
618,TNS2_HUMAN,1140 - 1232,2L6K,A,7 - 99,Cytoskeletal_reg,TNS2,HUMAN,7,99,Q63HR2
619,TXK_HUMAN,150 - 231,2DM0,A,18 - 99,Kinases,TXK,HUMAN,18,99,P42681
620,VAV2_HUMAN,673 - 747,2DLZ,A,18 - 92,Small_GTPase_sig,VAV2,HUMAN,18,92,P52735
621,VAV2_HUMAN,673 - 747,2LNW,A,673 - 747,Small_GTPase_sig,VAV2,HUMAN,673,747,P52735
622,VAV2_HUMAN,673 - 747,2LNX,A,673 - 747,Small_GTPase_sig,VAV2,HUMAN,673,747,P52735
623,VAV2_HUMAN,673 - 747,4ROJ,A,673 - 747,Small_GTPase_sig,VAV2,HUMAN,673,747,P52735
624,VAV2_HUMAN,673 - 747,4ROJ,B,673 - 747,Small_GTPase_sig,VAV2,HUMAN,673,747,P52735
625,VAV2_HUMAN,673 - 747,4ROJ,C,673 - 747,Small_GTPase_sig,VAV2,HUMAN,673,747,P52735
626,VAV_HUMAN,671 - 745,2CRH,A,28 - 102,Small_GTPase_sig,VAV1,HUMAN,28,102,P15498
627,VAV_HUMAN,672 - 745,2LCT,A,671 - 745,Small_GTPase_sig,VAV1,HUMAN,671,745,P15498
628,VAV_HUMAN,673 - 745,2MC1,A,671 - 745,Small_GTPase_sig,VAV1,HUMAN,671,745,P15498
629,VAV_HUMAN,674 - 745,2ROR,A,28 - 102,Small_GTPase_sig,VAV1,HUMAN,28,102,P15498
630,ZAP70_HUMAN,10 - 87,1M61,A,10 - 87,Kinases,ZAP70,HUMAN,10,87,P43403
631,ZAP70_HUMAN,11 - 87,2OQ1,A,12 - 89,Kinases,ZAP70,HUMAN,12,89,P43403
632,ZAP70_HUMAN,12 - 87,2OZO,A,10 - 87,Kinases,ZAP70,HUMAN,10,87,P43403
633,ZAP70_HUMAN,13 - 87,4K2R,A,10 - 87,Kinases,ZAP70,HUMAN,10,87,P43403
634,ZAP70_HUMAN,14 - 87,4XZ0,A,10 - 87,Kinases,ZAP70,HUMAN,10,87,P43403
635,ZAP70_HUMAN,15 - 87,4XZ1,A,10 - 87,Kinases,ZAP70,HUMAN,10,87,P43403
636,ZAP70_HUMAN,163 - 239,1M61,A,163 - 239,Kinases,ZAP70,HUMAN,163,239,P43403
637,ZAP70_HUMAN,164 - 239,2OQ1,A,165 - 241,Kinases,ZAP70,HUMAN,165,241,P43403
638,ZAP70_HUMAN,165 - 239,2OZO,A,163 - 239,Kinases,ZAP70,HUMAN,163,239,P43403
639,ZAP70_HUMAN,166 - 239,4K2R,A,163 - 239,Kinases,ZAP70,HUMAN,163,239,P43403
640,ZAP70_HUMAN,167 - 239,4XZ0,A,163 - 239,Kinases,ZAP70,HUMAN,163,239,P43403
641,ZAP70_HUMAN,168 - 239,4XZ1,A,163 - 239,Kinases,ZAP70,HUMAN,163,239,P43403
